Name,ProfileLink,Description,Address,Phone,Lat,Lon,Programs
"CHAN, NORMAN TAK YAN",https://apps.pcdirectory.gov.hk/Public/EN/SearchResult/ToViewDetails?DPID=00003869&ProfID=RMP&PracticeID=1&SelectedResultRowID=9,NORMAN CHAN,"RM 1711, 17/F, EAST POINT CENTRE (OLD WING), 555 HENNESSY RD, CAUSEWAY BAY, WAN CHAI DISTRICT, HONG KONG",26669299,22.280319,114.184454,Chronic Disease Co-Care Scheme; Elderly Health Care Voucher Scheme (HCVS); Residential Care Home Vaccination Programme (RVP); Seasonal Influenza Vaccination School Outreach Programme (SIVSOP); Vaccination Subsidy Scheme
"TEE, KAY CHWAN",https://apps.pcdirectory.gov.hk/Public/EN/SearchResult/ToViewDetails?DPID=00308169&ProfID=RMP&PracticeID=4&SelectedResultRowID=135,Trinity Medical Centre Limited (Central 22B),"RM B, 22/F, ENTERTAINMENT BUILDING, 30 QUEEN'S RD C, CENTRAL, CENTRAL & WESTERN DISTRICT, HONG KONG",21970122,22.281500,114.156451,Vaccination Subsidy Scheme
"WONG, YUET HOI",https://apps.pcdirectory.gov.hk/Public/EN/SearchResult/ToViewDetails?DPID=10314872&ProfID=RMP&PracticeID=3&SelectedResultRowID=165,UMP Medical Centre (Central),"ROOM 1401-3, 14/F, WING ON HSE, 71 DES VOEUX ROAD CENTRAL, CENTRAL, CENTRAL & WESTERN DISTRICT, HONG KONG",28401636,22.28399,114.15664,
"SUN, YIU KWONG",https://apps.pcdirectory.gov.hk/Public/EN/SearchResult/ToViewDetails?DPID=00210298&ProfID=RMP&PracticeID=1&SelectedResultRowID=128,UMP MEDICAL CENTRE (CENTRAL),"ROOM 1401-3, 14/F, WING ON HSE, 71 DES VOEUX RD C, CENTRAL, CENTRAL & WESTERN DISTRICT, HONG KONG",28401636,22.283893,114.156441,Chronic Disease Co-Care Scheme; Colorectal Cancer Screening Programme (CRCSP); Elderly Health Care Voucher Scheme (HCVS); Seasonal Influenza Vaccination School Outreach Programme (SIVSOP); Vaccination Subsidy Scheme
"HO, JEFFREY CHUN YU",https://apps.pcdirectory.gov.hk/Public/EN/SearchResult/ToViewDetails?DPID=00560656&ProfID=RMP&PracticeID=1&SelectedResultRowID=58,HKSH Family Medicine and Primary Care Centre,"G/F, LI SHU PUI BLOCK, HONG KONG SANATORIUM & HOSPITAL, 2 VILLAGE ROAD, HAPPY VALLEY, WAN CHAI DISTRICT, HONG KONG",28358600,22.26924,114.18317,Elderly Health Care Voucher Scheme (HCVS)
"HO, JEFFREY CHUN YU",https://apps.pcdirectory.gov.hk/Public/EN/SearchResult/ToViewDetails?DPID=00560656&ProfID=RMP&PracticeID=2&SelectedResultRowID=59,HKSH Family Medicine and Primary Care Centre (Island East),"5/F, HKSH EASTERN MEDICAL CENTRE LI SHU FONG BUILDING, 5 A KUNG NGAM VILLAGE ROAD, SHAU KEI WAN, EASTERN DISTRICT, HONG KONG",29171180,22.28248,114.23265,Elderly Health Care Voucher Scheme (HCVS)
"HO, JEFFREY CHUN YU",https://apps.pcdirectory.gov.hk/Public/EN/SearchResult/ToViewDetails?DPID=00560656&ProfID=RMP&PracticeID=3&SelectedResultRowID=60,HKSH Family Medicine and Primary Care Centre (Taikoo),"SHOP A-C, SPLENDID PLACE, 39 TAIKOO SHING ROAD, QUARRY BAY, EASTERN DISTRICT, HONG KONG",25636655,22.28557,114.21384,Elderly Health Care Voucher Scheme (HCVS)
"HO, JEFFREY CHUN YU",https://apps.pcdirectory.gov.hk/Public/EN/SearchResult/ToViewDetails?DPID=00560656&ProfID=RMP&PracticeID=4&SelectedResultRowID=61,HKSH Family Medicine and Primary Care Centre (Central),"1/F, 33 DES VOEUX ROAD CENTRAL, CENTRAL, CENTRAL & WESTERN DISTRICT, HONG KONG",25237887,22.28302,114.15725,Elderly Health Care Voucher Scheme (HCVS)
"HO, JEFFREY CHUN YU",https://apps.pcdirectory.gov.hk/Public/EN/SearchResult/ToViewDetails?DPID=00560656&ProfID=RMP&PracticeID=5&SelectedResultRowID=62,HKSH Family Medicine and Primary Care Centre (Tanner Hill),"3/F, THE TANNER HILL, 8 TANNER ROAD, NORTH POINT, EASTERN DISTRICT, HONG KONG",22199012,22.29029,114.20082,Elderly Health Care Voucher Scheme (HCVS)
"KO, YIP YAN",https://apps.pcdirectory.gov.hk/Public/EN/SearchResult/ToViewDetails?DPID=00740785&ProfID=RMP&PracticeID=3&SelectedResultRowID=68,Trinity Medical Centre Limited (Central 22B),"RM B, 22/F, ENTERTAINMENT BUILDING, 30 QUEEN'S RD C, CENTRAL, CENTRAL & WESTERN DISTRICT, HONG KONG",21970122,22.2815,114.156451,Chronic Disease Co-Care Scheme; Elderly Health Care Voucher Scheme (HCVS); Residential Care Home Vaccination Programme (RVP); Seasonal Influenza Vaccination School Outreach Programme (SIVSOP)
"KO, YIP YAN",https://apps.pcdirectory.gov.hk/Public/EN/SearchResult/ToViewDetails?DPID=00740785&ProfID=RMP&PracticeID=4&SelectedResultRowID=69,Trinity Medical Centre CWB,"20/F, EMPEROR WATCH AND JEWELLERY CENTRE, 8 RUSSELL ST, CAUSEWAY BAY, WAN CHAI DISTRICT, HONG KONG",21927022,22.27873,114.181815,Chronic Disease Co-Care Scheme; Elderly Health Care Voucher Scheme (HCVS)
"YIU, YIU KEE KELVIN",https://apps.pcdirectory.gov.hk/Public/EN/SearchResult/ToViewDetails?DPID=00109039&ProfID=RMP&PracticeID=1&SelectedResultRowID=177,UMP MEDICAL CENTRE (WAN CHAI),"UNIT 1109, 11/F, CONVENTION PLAZA OFFICE TOWER, HK CONVENTION AND EXHIBITION CENTRE, 1 HARBOUR RD, WAN CHAI, WAN CHAI DISTRICT, HONG KONG",28240018,22.280906,114.173761,Chronic Disease Co-Care Scheme; Elderly Health Care Voucher Scheme (HCVS); Seasonal Influenza Vaccination School Outreach Programme (SIVSOP); Vaccination Subsidy Scheme
"CHIU, KAREN HIU CHING",https://apps.pcdirectory.gov.hk/Public/EN/SearchResult/ToViewDetails?DPID=00681500&ProfID=RMP&PracticeID=2&SelectedResultRowID=32,UMP MEDICAL CENTRE (CENTRAL),"ROOM 1401-3, 14/F, WING ON HSE, 71 DES VOEUX RD C, CENTRAL, CENTRAL & WESTERN DISTRICT, HONG KONG",28401636,22.283893,114.156441,Chronic Disease Co-Care Scheme; Elderly Health Care Voucher Scheme (HCVS); Seasonal Influenza Vaccination School Outreach Programme (SIVSOP); Vaccination Subsidy Scheme
"CHENG, GHAR YEE JUDY",https://apps.pcdirectory.gov.hk/Public/EN/SearchResult/ToViewDetails?DPID=00239972&ProfID=RMP&PracticeID=1&SelectedResultRowID=18,HKSH Family Medicine and Primary Care Centre,"G/F, LI SHU PUI BLOCK, HONG KONG SANATORIUM & HOSPITAL, 2 VILLAGE RD, HAPPY VALLEY, WAN CHAI DISTRICT, HONG KONG",28358600,22.269492,114.183299,Chronic Disease Co-Care Scheme; Elderly Health Care Voucher Scheme (HCVS); Vaccination Subsidy Scheme
"CHENG, GHAR YEE JUDY",https://apps.pcdirectory.gov.hk/Public/EN/SearchResult/ToViewDetails?DPID=00239972&ProfID=RMP&PracticeID=2&SelectedResultRowID=19,HKSH Family Medicine and Primary Care Centre (Taikoo),"SHOP A-C, THE SPLENDID PLACE, 39 TAIKOO SHING RD, QUARRY BAY, EASTERN DISTRICT, HONG KONG",25636655,22.285617,114.213826,Elderly Health Care Voucher Scheme (HCVS); Vaccination Subsidy Scheme
"CHENG, GHAR YEE JUDY",https://apps.pcdirectory.gov.hk/Public/EN/SearchResult/ToViewDetails?DPID=00239972&ProfID=RMP&PracticeID=3&SelectedResultRowID=20,HKSH Healthcare (Tanner Hill) Limited,"3/F, THE TANNER HILL, 8 TANNER RD, NORTH POINT, EASTERN DISTRICT, HONG KONG",22199012,22.28989,114.200999,Elderly Health Care Voucher Scheme (HCVS); Vaccination Subsidy Scheme
"CHENG, GHAR YEE JUDY",https://apps.pcdirectory.gov.hk/Public/EN/SearchResult/ToViewDetails?DPID=00239972&ProfID=RMP&PracticeID=4&SelectedResultRowID=21,HKSH Family Medicine and Primary Care Centre (Island East),"5/F, HKSH EASTERN MEDICAL CENTRE LI SHU FONG BUILDING, 5 A KUNG NGAM VILLAGE RD, SHAU KEI WAN, EASTERN DISTRICT, HONG KONG",29171180,22.282532,114.232649,Chronic Disease Co-Care Scheme; Elderly Health Care Voucher Scheme (HCVS); Vaccination Subsidy Scheme
"CHENG, GHAR YEE JUDY",https://apps.pcdirectory.gov.hk/Public/EN/SearchResult/ToViewDetails?DPID=00239972&ProfID=RMP&PracticeID=5&SelectedResultRowID=22,HKSH Family Medicine and Primary Care Centre (Central),"1/F, 33 DES VOEUX ROAD CENTRAL, CENTRAL, CENTRAL & WESTERN DISTRICT, HONG KONG",25237887,22.28299,114.15718,Chronic Disease Co-Care Scheme; Elderly Health Care Voucher Scheme (HCVS); Vaccination Subsidy Scheme
"SHUM, KIN CYNTHIA",https://apps.pcdirectory.gov.hk/Public/EN/SearchResult/ToViewDetails?DPID=00914113&ProfID=RMP&PracticeID=1&SelectedResultRowID=123,HKSH Family Medicine and Primary Care Centre,"G/F, LI SHU PUI BLOCK, HONG KONG SANATORIUM & HOSPITAL, 2 VILLAGE RD, HAPPY VALLEY, WAN CHAI DISTRICT, HONG KONG",28358600,22.269492,114.183299,Chronic Disease Co-Care Scheme; Elderly Health Care Voucher Scheme (HCVS); Vaccination Subsidy Scheme
"SHUM, KIN CYNTHIA",https://apps.pcdirectory.gov.hk/Public/EN/SearchResult/ToViewDetails?DPID=00914113&ProfID=RMP&PracticeID=2&SelectedResultRowID=124,HKSH Family Medicine and Primary Care Centre (Taikoo),"SHOP A-C, THE SPLENDID PLACE, 39 TAIKOO SHING RD, QUARRY BAY, EASTERN DISTRICT, HONG KONG",25636655,22.285617,114.213826,Elderly Health Care Voucher Scheme (HCVS); Vaccination Subsidy Scheme
"SHUM, KIN CYNTHIA",https://apps.pcdirectory.gov.hk/Public/EN/SearchResult/ToViewDetails?DPID=00914113&ProfID=RMP&PracticeID=3&SelectedResultRowID=125,HKSH Family Medicine and Primary Care Centre (Island East),"5/F, HKSH EASTERN MEDICAL CENTRE LI SHU FONG BUILDING, 5 A KUNG NGAM VILLAGE RD, SHAU KEI WAN, EASTERN DISTRICT, HONG KONG",29171180,22.282532,114.232649,Chronic Disease Co-Care Scheme; Elderly Health Care Voucher Scheme (HCVS); Vaccination Subsidy Scheme
"SHUM, KIN CYNTHIA",https://apps.pcdirectory.gov.hk/Public/EN/SearchResult/ToViewDetails?DPID=00914113&ProfID=RMP&PracticeID=4&SelectedResultRowID=126,HKSH Healthcare (Tanner Hill) Limited,"3/F, THE TANNER HILL, 8 TANNER RD, NORTH POINT, EASTERN DISTRICT, HONG KONG",22199012,22.28989,114.200999,Elderly Health Care Voucher Scheme (HCVS); Vaccination Subsidy Scheme
"SHUM, KIN CYNTHIA",https://apps.pcdirectory.gov.hk/Public/EN/SearchResult/ToViewDetails?DPID=00914113&ProfID=RMP&PracticeID=5&SelectedResultRowID=127,HKSH Family Medicine and Primary Care Centre (Central),"1/F, 33 DES VOEUX ROAD CENTRAL, CENTRAL, CENTRAL & WESTERN DISTRICT, HONG KONG",25237887,22.28302,114.15725,Elderly Health Care Voucher Scheme (HCVS); Vaccination Subsidy Scheme
"WONG, HEI MAN EMILY",https://apps.pcdirectory.gov.hk/Public/EN/SearchResult/ToViewDetails?DPID=00915142&ProfID=RMP&PracticeID=1&SelectedResultRowID=153,HKSH Family Medicine and Primary Care Centre,"G/F, LI SHU PUI BLOCK, HONG KONG SANATORIUM & HOSPITAL, 2 VILLAGE RD, HAPPY VALLEY, WAN CHAI DISTRICT, HONG KONG",28358600,22.269492,114.183299,Chronic Disease Co-Care Scheme; Elderly Health Care Voucher Scheme (HCVS); Vaccination Subsidy Scheme
"WONG, HEI MAN EMILY",https://apps.pcdirectory.gov.hk/Public/EN/SearchResult/ToViewDetails?DPID=00915142&ProfID=RMP&PracticeID=2&SelectedResultRowID=154,HKSH Family Medicine and Primary Care Centre (Island East),"5/F, HKSH EASTERN MEDICAL CENTRE LI SHU FONG BUILDING, 5 A KUNG NGAM VILLAGE RD, SHAU KEI WAN, EASTERN DISTRICT, HONG KONG",29171180,22.282532,114.232649,Chronic Disease Co-Care Scheme; Elderly Health Care Voucher Scheme (HCVS); Vaccination Subsidy Scheme
"WONG, HEI MAN EMILY",https://apps.pcdirectory.gov.hk/Public/EN/SearchResult/ToViewDetails?DPID=00915142&ProfID=RMP&PracticeID=3&SelectedResultRowID=155,HKSH Healthcare (Tanner Hill) Limited,"3/F, THE TANNER HILL, 8 TANNER RD, NORTH POINT, EASTERN DISTRICT, HONG KONG",22199012,22.28989,114.200999,Elderly Health Care Voucher Scheme (HCVS); Vaccination Subsidy Scheme
"WONG, HEI MAN EMILY",https://apps.pcdirectory.gov.hk/Public/EN/SearchResult/ToViewDetails?DPID=00915142&ProfID=RMP&PracticeID=4&SelectedResultRowID=156,HKSH Family Medicine and Primary Care Centre (Taikoo),"SHOP A-C, THE SPLENDID PLACE, 39 TAIKOO SHING RD, QUARRY BAY, EASTERN DISTRICT, HONG KONG",25636655,22.285617,114.213826,Chronic Disease Co-Care Scheme; Elderly Health Care Voucher Scheme (HCVS); Vaccination Subsidy Scheme
"WONG, HEI MAN EMILY",https://apps.pcdirectory.gov.hk/Public/EN/SearchResult/ToViewDetails?DPID=00915142&ProfID=RMP&PracticeID=5&SelectedResultRowID=157,HKSH Family Medicine and Primary Care Centre (Central),"1/F, 33 DES VOEUX ROAD CENTRAL, CENTRAL, CENTRAL & WESTERN DISTRICT, HONG KONG",25237887,22.28302,114.15725,Elderly Health Care Voucher Scheme (HCVS); Vaccination Subsidy Scheme
"CHOW, WING MAN",https://apps.pcdirectory.gov.hk/Public/EN/SearchResult/ToViewDetails?DPID=00917072&ProfID=RMP&PracticeID=1&SelectedResultRowID=36,HKSH Family Medicine and Primary Care Centre,"G/F, LI SHU PUI BLOCK, HONG KONG SANATORIUM & HOSPITAL, 2 VILLAGE RD, HAPPY VALLEY, WAN CHAI DISTRICT, HONG KONG",28358600,22.269492,114.183299,Chronic Disease Co-Care Scheme; Elderly Health Care Voucher Scheme (HCVS); Vaccination Subsidy Scheme
"CHOW, WING MAN",https://apps.pcdirectory.gov.hk/Public/EN/SearchResult/ToViewDetails?DPID=00917072&ProfID=RMP&PracticeID=2&SelectedResultRowID=37,HKSH Healthcare (Tanner Hill) Limited,"3/F, THE TANNER HILL, 8 TANNER RD, NORTH POINT, EASTERN DISTRICT, HONG KONG",22199012,22.28989,114.200999,Elderly Health Care Voucher Scheme (HCVS); Vaccination Subsidy Scheme
"CHOW, WING MAN",https://apps.pcdirectory.gov.hk/Public/EN/SearchResult/ToViewDetails?DPID=00917072&ProfID=RMP&PracticeID=3&SelectedResultRowID=38,HKSH Family Medicine and Primary Care Centre (Island East),"5/F, HKSH EASTERN MEDICAL CENTRE LI SHU FONG BUILDING, 5 A KUNG NGAM VILLAGE RD, SHAU KEI WAN, EASTERN DISTRICT, HONG KONG",29171180,22.282532,114.232649,Chronic Disease Co-Care Scheme; Elderly Health Care Voucher Scheme (HCVS); Vaccination Subsidy Scheme
"CHOW, WING MAN",https://apps.pcdirectory.gov.hk/Public/EN/SearchResult/ToViewDetails?DPID=00917072&ProfID=RMP&PracticeID=4&SelectedResultRowID=39,HKSH Family Medicine and Primary Care Centre (Taikoo),"SHOP A-C, THE SPLENDID PLACE, 39 TAIKOO SHING RD, QUARRY BAY, EASTERN DISTRICT, HONG KONG",25636655,22.285617,114.213826,Chronic Disease Co-Care Scheme; Elderly Health Care Voucher Scheme (HCVS); Vaccination Subsidy Scheme
"CHOW, WING MAN",https://apps.pcdirectory.gov.hk/Public/EN/SearchResult/ToViewDetails?DPID=00917072&ProfID=RMP&PracticeID=5&SelectedResultRowID=40,HKSH Family Medicine and Primary Care Centre (Central),"1/F, 33 DES VOEUX ROAD CENTRAL, CENTRAL, CENTRAL & WESTERN DISTRICT, HONG KONG",25237887,22.28299,114.1572,Elderly Health Care Voucher Scheme (HCVS); Vaccination Subsidy Scheme
"WONG, CHAK TONG",https://apps.pcdirectory.gov.hk/Public/EN/SearchResult/ToViewDetails?DPID=00442085&ProfID=RMP&PracticeID=1&SelectedResultRowID=148,HKSH Family Medicine and Primary Care Centre (Taikoo),"SHOP A-C, THE SPLENDID PLACE, 39 TAIKOO SHING RD, QUARRY BAY, EASTERN DISTRICT, HONG KONG",25636655,22.285617,114.213826,Elderly Health Care Voucher Scheme (HCVS); Vaccination Subsidy Scheme
"WONG, CHAK TONG",https://apps.pcdirectory.gov.hk/Public/EN/SearchResult/ToViewDetails?DPID=00442085&ProfID=RMP&PracticeID=2&SelectedResultRowID=149,HKSH Family Medicine and Primary Care Centre (Island East),"5/F, HKSH EASTERN MEDICAL CENTRE LI SHU FONG BUILDING, 5 A KUNG NGAM VILLAGE RD, SHAU KEI WAN, EASTERN DISTRICT, HONG KONG",29171180,22.282532,114.232649,Chronic Disease Co-Care Scheme; Elderly Health Care Voucher Scheme (HCVS); Vaccination Subsidy Scheme
"WONG, CHAK TONG",https://apps.pcdirectory.gov.hk/Public/EN/SearchResult/ToViewDetails?DPID=00442085&ProfID=RMP&PracticeID=3&SelectedResultRowID=150,HKSH Healthcare (Tanner Hill) Limited,"3/F, THE TANNER HILL, 8 TANNER RD, NORTH POINT, EASTERN DISTRICT, HONG KONG",22199012,22.28989,114.200999,Elderly Health Care Voucher Scheme (HCVS); Vaccination Subsidy Scheme
"WONG, CHAK TONG",https://apps.pcdirectory.gov.hk/Public/EN/SearchResult/ToViewDetails?DPID=00442085&ProfID=RMP&PracticeID=4&SelectedResultRowID=151,HKSH Family Medicine and Primary Care Centre,"G/F, LI SHU PUI BLOCK, HONG KONG SANATORIUM & HOSPITAL, 2 VILLAGE RD, HAPPY VALLEY, WAN CHAI DISTRICT, HONG KONG",28358600,22.269492,114.183299,Chronic Disease Co-Care Scheme; Elderly Health Care Voucher Scheme (HCVS); Vaccination Subsidy Scheme
"WONG, CHAK TONG",https://apps.pcdirectory.gov.hk/Public/EN/SearchResult/ToViewDetails?DPID=00442085&ProfID=RMP&PracticeID=5&SelectedResultRowID=152,HKSH Family Medicine and Primary Care Centre (Central),"1/F, 33 DES VOEUX ROAD CENTRAL, CENTRAL, CENTRAL & WESTERN DISTRICT, HONG KONG",25237887,22.28302,114.15725,Chronic Disease Co-Care Scheme; Elderly Health Care Voucher Scheme (HCVS); Vaccination Subsidy Scheme
"KWOK, YIP TUNG TONY",https://apps.pcdirectory.gov.hk/Public/EN/SearchResult/ToViewDetails?DPID=00446742&ProfID=RMP&PracticeID=1&SelectedResultRowID=80,HKSH Family Medicine and Primary Care Centre,"G/F, LI SHU PUI BLOCK, HONG KONG SANATORIUM & HOSPITAL, 2 VILLAGE RD, HAPPY VALLEY, WAN CHAI DISTRICT, HONG KONG",28358600,22.269492,114.183299,Chronic Disease Co-Care Scheme; Elderly Health Care Voucher Scheme (HCVS); Vaccination Subsidy Scheme
"KWOK, YIP TUNG TONY",https://apps.pcdirectory.gov.hk/Public/EN/SearchResult/ToViewDetails?DPID=00446742&ProfID=RMP&PracticeID=2&SelectedResultRowID=81,HKSH Family Medicine and Primary Care Centre (Taikoo),"SHOP A-C, THE SPLENDID PLACE, 39 TAIKOO SHING RD, QUARRY BAY, EASTERN DISTRICT, HONG KONG",25636655,22.285617,114.213826,Chronic Disease Co-Care Scheme; Elderly Health Care Voucher Scheme (HCVS); Vaccination Subsidy Scheme
"KWOK, YIP TUNG TONY",https://apps.pcdirectory.gov.hk/Public/EN/SearchResult/ToViewDetails?DPID=00446742&ProfID=RMP&PracticeID=3&SelectedResultRowID=82,HKSH Healthcare (Tanner Hill) Limited,"3/F, THE TANNER HILL, 8 TANNER RD, NORTH POINT, EASTERN DISTRICT, HONG KONG",22199012,22.28989,114.200999,Elderly Health Care Voucher Scheme (HCVS); Vaccination Subsidy Scheme
"KWOK, YIP TUNG TONY",https://apps.pcdirectory.gov.hk/Public/EN/SearchResult/ToViewDetails?DPID=00446742&ProfID=RMP&PracticeID=4&SelectedResultRowID=83,HKSH Family Medicine and Primary Care Centre (Island East),"5/F, HKSH EASTERN MEDICAL CENTRE LI SHU FONG BUILDING, 5 A KUNG NGAM VILLAGE RD, SHAU KEI WAN, EASTERN DISTRICT, HONG KONG",29171180,22.282532,114.232649,Chronic Disease Co-Care Scheme; Elderly Health Care Voucher Scheme (HCVS); Vaccination Subsidy Scheme
"KWOK, YIP TUNG TONY",https://apps.pcdirectory.gov.hk/Public/EN/SearchResult/ToViewDetails?DPID=00446742&ProfID=RMP&PracticeID=5&SelectedResultRowID=84,HKSH Family Medicine and Primary Care Centre (Central),"1/F, 33 DES VOEUX ROAD CENTRAL, CENTRAL, CENTRAL & WESTERN DISTRICT, HONG KONG",25237887,22.28302,114.15725,Elderly Health Care Voucher Scheme (HCVS); Vaccination Subsidy Scheme
"CHUNG, CHAK CHEONG (CHUNG, CALVIN)",https://apps.pcdirectory.gov.hk/Public/EN/SearchResult/ToViewDetails?DPID=00238956&ProfID=RMP&PracticeID=1&SelectedResultRowID=41,HKSH Family Medicine and Primary Care Centre,"G/F, LI SHU PUI BLOCK, HONG KONG SANATORIUM & HOSPITAL, 2 VILLAGE RD, HAPPY VALLEY, WAN CHAI DISTRICT, HONG KONG",28358600,22.269492,114.183299,Chronic Disease Co-Care Scheme; Elderly Health Care Voucher Scheme (HCVS); Vaccination Subsidy Scheme
"CHUNG, CHAK CHEONG (CHUNG, CALVIN)",https://apps.pcdirectory.gov.hk/Public/EN/SearchResult/ToViewDetails?DPID=00238956&ProfID=RMP&PracticeID=2&SelectedResultRowID=42,HKSH Family Medicine and Primary Care Centre (Taikoo),"SHOP A-C, THE SPLENDID PLACE, 39 TAIKOO SHING RD, QUARRY BAY, EASTERN DISTRICT, HONG KONG",25636655,22.285617,114.213826,Elderly Health Care Voucher Scheme (HCVS); Vaccination Subsidy Scheme
"CHUNG, CHAK CHEONG (CHUNG, CALVIN)",https://apps.pcdirectory.gov.hk/Public/EN/SearchResult/ToViewDetails?DPID=00238956&ProfID=RMP&PracticeID=3&SelectedResultRowID=43,HKSH Healthcare (Tanner Hill) Limited,"3/F, THE TANNER HILL, 8 TANNER RD, NORTH POINT, EASTERN DISTRICT, HONG KONG",22199012,22.28989,114.200999,Elderly Health Care Voucher Scheme (HCVS); Vaccination Subsidy Scheme
"CHUNG, CHAK CHEONG (CHUNG, CALVIN)",https://apps.pcdirectory.gov.hk/Public/EN/SearchResult/ToViewDetails?DPID=00238956&ProfID=RMP&PracticeID=4&SelectedResultRowID=44,HKSH Family Medicine and Primary Care Centre (Island East),"5/F, HKSH EASTERN MEDICAL CENTRE LI SHU FONG BUILDING, 5 A KUNG NGAM VILLAGE RD, SHAU KEI WAN, EASTERN DISTRICT, HONG KONG",29171180,22.282532,114.232649,Chronic Disease Co-Care Scheme; Elderly Health Care Voucher Scheme (HCVS); Vaccination Subsidy Scheme
"CHUNG, CHAK CHEONG (CHUNG, CALVIN)",https://apps.pcdirectory.gov.hk/Public/EN/SearchResult/ToViewDetails?DPID=00238956&ProfID=RMP&PracticeID=5&SelectedResultRowID=45,HKSH Family Medicine and Primary Care Centre (Central),"1/F, 33 DES VOEUX ROAD CENTRAL, CENTRAL, CENTRAL & WESTERN DISTRICT, HONG KONG",25237887,22.28299,114.1572,Chronic Disease Co-Care Scheme; Elderly Health Care Voucher Scheme (HCVS); Vaccination Subsidy Scheme
"YUEN, SHIU MAN",https://apps.pcdirectory.gov.hk/Public/EN/SearchResult/ToViewDetails?DPID=00408969&ProfID=RMP&PracticeID=2&SelectedResultRowID=183,HKSH Family Medicine and Primary Care Centre (Central) (Doctor-in-charge for Post-crisis Voluntary Free Medical Consultation),"1/F, 33 DES VOEUX ROAD CENTRAL, CENTRAL, CENTRAL & WESTERN DISTRICT, HONG KONG",25237887,22.28302,114.15725,
"YUEN, SHIU MAN",https://apps.pcdirectory.gov.hk/Public/EN/SearchResult/ToViewDetails?DPID=00408969&ProfID=RMP&PracticeID=4&SelectedResultRowID=184,HKSH Family Medicine and Primary Care Centre (Taikoo) (Doctor-in-charge for Post-crisis Voluntary Free Medical Consultation),"SHOP A-C, SPLENDID PLACE, 39 TAIKOO SHING ROAD, QUARRY BAY, EASTERN DISTRICT, HONG KONG",25636655,22.28557,114.21384,
"YUEN, SHIU MAN",https://apps.pcdirectory.gov.hk/Public/EN/SearchResult/ToViewDetails?DPID=00408969&ProfID=RMP&PracticeID=5&SelectedResultRowID=185,HKSH Family Medicine and Primary Care Centre (Island East) (Doctor-in-charge for Post-crisis Voluntary Free Medical Consultation),"5/F, HKSH EASTERN MEDICAL CENTRE LI SHU FONG BUILDING, 5 A KUNG NGAM VILLAGE ROAD, EASTERN DISTRICT, HONG KONG",29171180,22.28248,114.23265,
"YUEN, SHIU MAN",https://apps.pcdirectory.gov.hk/Public/EN/SearchResult/ToViewDetails?DPID=00408969&ProfID=RMP&PracticeID=8&SelectedResultRowID=186,HKSH Family Medicine and Primary Care Centre (Tanner Hill) (Doctor-in-charge for Post-crisis Voluntary Free Medical Consultation),"3/F, THE TANNER HILL, 8 TANNER ROAD, NORTH POINT, EASTERN DISTRICT, HONG KONG",22199012,22.29001,114.20118,Elderly Health Care Voucher Scheme (HCVS)
"YUEN, SHIU MAN",https://apps.pcdirectory.gov.hk/Public/EN/SearchResult/ToViewDetails?DPID=00408969&ProfID=RMP&PracticeID=11&SelectedResultRowID=187,"Hong Kong Sanatorium & Hospital, Outpatient Department (Doctor-in-charge for Post-crisis Voluntary Free Medical Consultation)","G/F, BLOCK LI SHU PUI, HONG KONG SANATORIUM & HOSPITAL, 2 VILLAGE ROAD, HAPPY VALLEY, WAN CHAI DISTRICT, HONG KONG",28358600,22.26924,114.18317,
"HONG, TIN CHAK",https://apps.pcdirectory.gov.hk/Public/EN/SearchResult/ToViewDetails?DPID=00436626&ProfID=RMP&PracticeID=1&SelectedResultRowID=63,HKSH Family Medicine and Primary Care Centre,"G/F, LI SHU PUI BLOCK, HONG KONG SANATORIUM & HOSPITAL, 2 VILLAGE RD, HAPPY VALLEY, WAN CHAI DISTRICT, HONG KONG",28358600,22.269492,114.183299,Chronic Disease Co-Care Scheme; Elderly Health Care Voucher Scheme (HCVS); Vaccination Subsidy Scheme
"HONG, TIN CHAK",https://apps.pcdirectory.gov.hk/Public/EN/SearchResult/ToViewDetails?DPID=00436626&ProfID=RMP&PracticeID=2&SelectedResultRowID=64,HKSH Family Medicine and Primary Care Centre (Taikoo),"SHOP A-C, THE SPLENDID PLACE, 39 TAIKOO SHING RD, QUARRY BAY, EASTERN DISTRICT, HONG KONG",25636655,22.285617,114.213826,Elderly Health Care Voucher Scheme (HCVS); Vaccination Subsidy Scheme
"HONG, TIN CHAK",https://apps.pcdirectory.gov.hk/Public/EN/SearchResult/ToViewDetails?DPID=00436626&ProfID=RMP&PracticeID=3&SelectedResultRowID=65,HKSH Healthcare (Tanner Hill) Limited,"3/F, THE TANNER HILL, 8 TANNER RD, NORTH POINT, EASTERN DISTRICT, HONG KONG",22199012,22.28989,114.200999,Chronic Disease Co-Care Scheme; Elderly Health Care Voucher Scheme (HCVS); Vaccination Subsidy Scheme
"HONG, TIN CHAK",https://apps.pcdirectory.gov.hk/Public/EN/SearchResult/ToViewDetails?DPID=00436626&ProfID=RMP&PracticeID=4&SelectedResultRowID=66,HKSH Family Medicine and Primary Care Centre (Island East),"5/F, HKSH EASTERN MEDICAL CENTRE LI SHU FONG BUILDING, 5 A KUNG NGAM VILLAGE RD, SHAU KEI WAN, EASTERN DISTRICT, HONG KONG",29171180,22.282532,114.232649,Chronic Disease Co-Care Scheme; Elderly Health Care Voucher Scheme (HCVS); Vaccination Subsidy Scheme
"HONG, TIN CHAK",https://apps.pcdirectory.gov.hk/Public/EN/SearchResult/ToViewDetails?DPID=00436626&ProfID=RMP&PracticeID=5&SelectedResultRowID=67,HKSH Family Medicine and Primary Care Centre (Central),"1/F, 33 DES VOEUX ROAD CENTRAL, CENTRAL, CENTRAL & WESTERN DISTRICT, HONG KONG",25237887,22.28299,114.1572,Elderly Health Care Voucher Scheme (HCVS); Vaccination Subsidy Scheme
"YAU, WAH HON",https://apps.pcdirectory.gov.hk/Public/EN/SearchResult/ToViewDetails?DPID=00916169&ProfID=RMP&PracticeID=1&SelectedResultRowID=167,HKSH Family Medicine and Primary Care Centre,"G/F, LI SHU PUI BLOCK, HONG KONG SANATORIUM & HOSPITAL, 2 VILLAGE RD, HAPPY VALLEY, WAN CHAI DISTRICT, HONG KONG",28358600,22.269492,114.183299,Chronic Disease Co-Care Scheme; Elderly Health Care Voucher Scheme (HCVS); Vaccination Subsidy Scheme
"YAU, WAH HON",https://apps.pcdirectory.gov.hk/Public/EN/SearchResult/ToViewDetails?DPID=00916169&ProfID=RMP&PracticeID=2&SelectedResultRowID=168,HKSH Family Medicine and Primary Care Centre (Taikoo),"SHOP A-C, THE SPLENDID PLACE, 39 TAIKOO SHING RD, QUARRY BAY, EASTERN DISTRICT, HONG KONG",25636655,22.285617,114.213826,Elderly Health Care Voucher Scheme (HCVS); Vaccination Subsidy Scheme
"YAU, WAH HON",https://apps.pcdirectory.gov.hk/Public/EN/SearchResult/ToViewDetails?DPID=00916169&ProfID=RMP&PracticeID=3&SelectedResultRowID=169,HKSH Family Medicine and Primary Care Centre (Island East),"5/F, HKSH EASTERN MEDICAL CENTRE LI SHU FONG BUILDING, 5 A KUNG NGAM VILLAGE RD, SHAU KEI WAN, EASTERN DISTRICT, HONG KONG",29171180,22.282532,114.232649,Chronic Disease Co-Care Scheme; Elderly Health Care Voucher Scheme (HCVS); Vaccination Subsidy Scheme
"YAU, WAH HON",https://apps.pcdirectory.gov.hk/Public/EN/SearchResult/ToViewDetails?DPID=00916169&ProfID=RMP&PracticeID=4&SelectedResultRowID=170,HKSH Healthcare (Tanner Hill) Limited,"3/F, THE TANNER HILL, 8 TANNER RD, NORTH POINT, EASTERN DISTRICT, HONG KONG",22199012,22.28989,114.200999,Elderly Health Care Voucher Scheme (HCVS); Vaccination Subsidy Scheme
"YAU, WAH HON",https://apps.pcdirectory.gov.hk/Public/EN/SearchResult/ToViewDetails?DPID=00916169&ProfID=RMP&PracticeID=5&SelectedResultRowID=171,HKSH Family Medicine and Primary Care Centre (Central),"1/F, 33 DES VOEUX ROAD CENTRAL, CENTRAL, CENTRAL & WESTERN DISTRICT, HONG KONG",25237887,22.28299,114.15718,Elderly Health Care Voucher Scheme (HCVS); Vaccination Subsidy Scheme
"KONG, CHI HANG",https://apps.pcdirectory.gov.hk/Public/EN/SearchResult/ToViewDetails?DPID=00016626&ProfID=RMP&PracticeID=1&SelectedResultRowID=70,HKSH Family Medicine and Primary Care Centre,"G/F, LI SHU PUI BLOCK, HONG KONG SANATORIUM & HOSPITAL, 2 VILLAGE RD, HAPPY VALLEY, WAN CHAI DISTRICT, HONG KONG",28358600,22.269492,114.183299,Chronic Disease Co-Care Scheme; Elderly Health Care Voucher Scheme (HCVS); Vaccination Subsidy Scheme
"KONG, CHI HANG",https://apps.pcdirectory.gov.hk/Public/EN/SearchResult/ToViewDetails?DPID=00016626&ProfID=RMP&PracticeID=2&SelectedResultRowID=71,HKSH Family Medicine and Primary Care Centre (Taikoo),"SHOP A-C, THE SPLENDID PLACE, 39 TAIKOO SHING RD, QUARRY BAY, EASTERN DISTRICT, HONG KONG",25636655,22.285617,114.213826,Elderly Health Care Voucher Scheme (HCVS); Vaccination Subsidy Scheme
"KONG, CHI HANG",https://apps.pcdirectory.gov.hk/Public/EN/SearchResult/ToViewDetails?DPID=00016626&ProfID=RMP&PracticeID=3&SelectedResultRowID=72,HKSH Healthcare (Tanner Hill) Limited,"3/F, THE TANNER HILL, 8 TANNER RD, NORTH POINT, EASTERN DISTRICT, HONG KONG",22199012,22.28989,114.200999,Elderly Health Care Voucher Scheme (HCVS); Vaccination Subsidy Scheme
"KONG, CHI HANG",https://apps.pcdirectory.gov.hk/Public/EN/SearchResult/ToViewDetails?DPID=00016626&ProfID=RMP&PracticeID=4&SelectedResultRowID=73,HKSH Family Medicine and Primary Care Centre (Island East),"5/F, HKSH EASTERN MEDICAL CENTRE LI SHU FONG BUILDING, 5 A KUNG NGAM VILLAGE RD, SHAU KEI WAN, EASTERN DISTRICT, HONG KONG",29171180,22.282532,114.232649,Chronic Disease Co-Care Scheme; Elderly Health Care Voucher Scheme (HCVS); Vaccination Subsidy Scheme
"KONG, CHI HANG",https://apps.pcdirectory.gov.hk/Public/EN/SearchResult/ToViewDetails?DPID=00016626&ProfID=RMP&PracticeID=5&SelectedResultRowID=74,HKSH Family Medicine and Primary Care Centre (Central),"1/F, 33 DES VOEUX ROAD CENTRAL, CENTRAL, CENTRAL & WESTERN DISTRICT, HONG KONG",25237887,22.28299,114.1572,Elderly Health Care Voucher Scheme (HCVS); Vaccination Subsidy Scheme
"YUEN, CHEUK WAI",https://apps.pcdirectory.gov.hk/Public/EN/SearchResult/ToViewDetails?DPID=00917185&ProfID=RMP&PracticeID=1&SelectedResultRowID=178,HKSH Family Medicine and Primary Care Centre,"G/F, LI SHU PUI BLOCK, HONG KONG SANATORIUM & HOSPITAL, 2 VILLAGE RD, HAPPY VALLEY, WAN CHAI DISTRICT, HONG KONG",28358600,22.269492,114.183299,Chronic Disease Co-Care Scheme; Elderly Health Care Voucher Scheme (HCVS); Vaccination Subsidy Scheme
"YUEN, CHEUK WAI",https://apps.pcdirectory.gov.hk/Public/EN/SearchResult/ToViewDetails?DPID=00917185&ProfID=RMP&PracticeID=2&SelectedResultRowID=179,HKSH Family Medicine and Primary Care Centre (Taikoo),"SHOP A-C, THE SPLENDID PLACE, 39 TAIKOO SHING RD, QUARRY BAY, EASTERN DISTRICT, HONG KONG",25636655,22.285617,114.213826,Elderly Health Care Voucher Scheme (HCVS); Vaccination Subsidy Scheme
"YUEN, CHEUK WAI",https://apps.pcdirectory.gov.hk/Public/EN/SearchResult/ToViewDetails?DPID=00917185&ProfID=RMP&PracticeID=3&SelectedResultRowID=180,HKSH Family Medicine and Primary Care Centre (Island East),"5/F, HKSH EASTERN MEDICAL CENTRE LI SHU FONG BUILDING, 5 A KUNG NGAM VILLAGE RD, SHAU KEI WAN, EASTERN DISTRICT, HONG KONG",29171180,22.282532,114.232649,Chronic Disease Co-Care Scheme; Elderly Health Care Voucher Scheme (HCVS); Vaccination Subsidy Scheme
"YUEN, CHEUK WAI",https://apps.pcdirectory.gov.hk/Public/EN/SearchResult/ToViewDetails?DPID=00917185&ProfID=RMP&PracticeID=4&SelectedResultRowID=181,HKSH Healthcare (Tanner Hill) Limited,"3/F, THE TANNER HILL, 8 TANNER RD, NORTH POINT, EASTERN DISTRICT, HONG KONG",22199012,22.28989,114.200999,Elderly Health Care Voucher Scheme (HCVS); Vaccination Subsidy Scheme
"YUEN, CHEUK WAI",https://apps.pcdirectory.gov.hk/Public/EN/SearchResult/ToViewDetails?DPID=00917185&ProfID=RMP&PracticeID=5&SelectedResultRowID=182,HKSH Family Medicine and Primary Care Centre (Central),"1/F, 33 DES VOEUX ROAD CENTRAL, CENTRAL, CENTRAL & WESTERN DISTRICT, HONG KONG",25237887,22.28302,114.15725,Chronic Disease Co-Care Scheme; Elderly Health Care Voucher Scheme (HCVS); Vaccination Subsidy Scheme
"CHEUNG, YU VINCENT",https://apps.pcdirectory.gov.hk/Public/EN/SearchResult/ToViewDetails?DPID=00802926&ProfID=RMP&PracticeID=1&SelectedResultRowID=25,HKSH Family Medicine and Primary Care Centre,"G/F, LI SHU PUI BLOCK, HONG KONG SANATORIUM & HOSPITAL, 2 VILLAGE RD, HAPPY VALLEY, WAN CHAI DISTRICT, HONG KONG",28358600,22.269492,114.183299,Chronic Disease Co-Care Scheme; Elderly Health Care Voucher Scheme (HCVS); Vaccination Subsidy Scheme
"CHEUNG, YU VINCENT",https://apps.pcdirectory.gov.hk/Public/EN/SearchResult/ToViewDetails?DPID=00802926&ProfID=RMP&PracticeID=2&SelectedResultRowID=26,HKSH Family Medicine and Primary Care Centre (Taikoo),"SHOP A-C, THE SPLENDID PLACE, 39 TAIKOO SHING RD, QUARRY BAY, EASTERN DISTRICT, HONG KONG",25636655,22.285617,114.213826,Elderly Health Care Voucher Scheme (HCVS); Vaccination Subsidy Scheme
"CHEUNG, YU VINCENT",https://apps.pcdirectory.gov.hk/Public/EN/SearchResult/ToViewDetails?DPID=00802926&ProfID=RMP&PracticeID=3&SelectedResultRowID=27,HKSH Healthcare (Tanner Hill) Limited,"3/F, THE TANNER HILL, 8 TANNER RD, NORTH POINT, EASTERN DISTRICT, HONG KONG",22199012,22.28989,114.200999,Elderly Health Care Voucher Scheme (HCVS); Vaccination Subsidy Scheme
"CHEUNG, YU VINCENT",https://apps.pcdirectory.gov.hk/Public/EN/SearchResult/ToViewDetails?DPID=00802926&ProfID=RMP&PracticeID=4&SelectedResultRowID=28,HKSH Family Medicine and Primary Care Centre (Island East),"5/F, HKSH EASTERN MEDICAL CENTRE LI SHU FONG BUILDING, 5 A KUNG NGAM VILLAGE RD, SHAU KEI WAN, EASTERN DISTRICT, HONG KONG",29171180,22.282532,114.232649,Chronic Disease Co-Care Scheme; Elderly Health Care Voucher Scheme (HCVS); Vaccination Subsidy Scheme
"CHEUNG, YU VINCENT",https://apps.pcdirectory.gov.hk/Public/EN/SearchResult/ToViewDetails?DPID=00802926&ProfID=RMP&PracticeID=5&SelectedResultRowID=29,HKSH Family Medicine and Primary Care Centre (Central),"1/F, 33 DES VOEUX ROAD CENTRAL, CENTRAL, CENTRAL & WESTERN DISTRICT, HONG KONG",25237887,22.28299,114.15718,Chronic Disease Co-Care Scheme; Elderly Health Care Voucher Scheme (HCVS); Vaccination Subsidy Scheme
"FUNG, KA HANG",https://apps.pcdirectory.gov.hk/Public/EN/SearchResult/ToViewDetails?DPID=00919013&ProfID=RMP&PracticeID=1&SelectedResultRowID=52,HKSH Family Medicine and Primary Care Centre,"G/F, LI SHU PUI BLOCK, HONG KONG SANATORIUM & HOSPITAL, 2 VILLAGE RD, HAPPY VALLEY, WAN CHAI DISTRICT, HONG KONG",28358600,22.269492,114.183299,Chronic Disease Co-Care Scheme; Elderly Health Care Voucher Scheme (HCVS); Vaccination Subsidy Scheme
"FUNG, KA HANG",https://apps.pcdirectory.gov.hk/Public/EN/SearchResult/ToViewDetails?DPID=00919013&ProfID=RMP&PracticeID=2&SelectedResultRowID=53,HKSH Family Medicine and Primary Care Centre (Taikoo),"SHOP A-C, THE SPLENDID PLACE, 39 TAIKOO SHING RD, QUARRY BAY, EASTERN DISTRICT, HONG KONG",25636655,22.285617,114.213826,Elderly Health Care Voucher Scheme (HCVS); Vaccination Subsidy Scheme
"FUNG, KA HANG",https://apps.pcdirectory.gov.hk/Public/EN/SearchResult/ToViewDetails?DPID=00919013&ProfID=RMP&PracticeID=3&SelectedResultRowID=54,HKSH Healthcare (Tanner Hill) Limited,"3/F, THE TANNER HILL, 8 TANNER RD, NORTH POINT, EASTERN DISTRICT, HONG KONG",22199012,22.28989,114.200999,Elderly Health Care Voucher Scheme (HCVS); Vaccination Subsidy Scheme
"FUNG, KA HANG",https://apps.pcdirectory.gov.hk/Public/EN/SearchResult/ToViewDetails?DPID=00919013&ProfID=RMP&PracticeID=4&SelectedResultRowID=55,HKSH Family Medicine and Primary Care Centre (Island East),"5/F, HKSH EASTERN MEDICAL CENTRE LI SHU FONG BUILDING, 5 A KUNG NGAM VILLAGE RD, SHAU KEI WAN, EASTERN DISTRICT, HONG KONG",29171180,22.282532,114.232649,Chronic Disease Co-Care Scheme; Elderly Health Care Voucher Scheme (HCVS); Vaccination Subsidy Scheme
"FUNG, KA HANG",https://apps.pcdirectory.gov.hk/Public/EN/SearchResult/ToViewDetails?DPID=00919013&ProfID=RMP&PracticeID=5&SelectedResultRowID=56,HKSH Family Medicine and Primary Care Centre (Central),"1/F, 33 DES VOEUX ROAD CENTRAL, CENTRAL, CENTRAL & WESTERN DISTRICT, HONG KONG",25237887,22.28299,114.1572,Elderly Health Care Voucher Scheme (HCVS); Vaccination Subsidy Scheme
"FOO, KEVIN BONG YIN",https://apps.pcdirectory.gov.hk/Public/EN/SearchResult/ToViewDetails?DPID=00725772&ProfID=RMP&PracticeID=1&SelectedResultRowID=46,HKSH Family Medicine and Primary Care Centre,"G/F, LI SHU PUI BLOCK, HONG KONG SANATORIUM & HOSPITAL, 2 VILLAGE RD, HAPPY VALLEY, WAN CHAI DISTRICT, HONG KONG",28358600,22.269492,114.183299,Chronic Disease Co-Care Scheme; Elderly Health Care Voucher Scheme (HCVS); Vaccination Subsidy Scheme
"FOO, KEVIN BONG YIN",https://apps.pcdirectory.gov.hk/Public/EN/SearchResult/ToViewDetails?DPID=00725772&ProfID=RMP&PracticeID=2&SelectedResultRowID=47,HKSH Family Medicine and Primary Care Centre (Taikoo),"SHOP A-C, THE SPLENDID PLACE, 39 TAIKOO SHING RD, QUARRY BAY, EASTERN DISTRICT, HONG KONG",25636655,22.285617,114.213826,Elderly Health Care Voucher Scheme (HCVS); Vaccination Subsidy Scheme
"FOO, KEVIN BONG YIN",https://apps.pcdirectory.gov.hk/Public/EN/SearchResult/ToViewDetails?DPID=00725772&ProfID=RMP&PracticeID=3&SelectedResultRowID=48,HKSH Healthcare (Tanner Hill) Limited,"3/F, THE TANNER HILL, 8 TANNER RD, NORTH POINT, EASTERN DISTRICT, HONG KONG",22199012,22.28989,114.200999,Elderly Health Care Voucher Scheme (HCVS); Vaccination Subsidy Scheme
"FOO, KEVIN BONG YIN",https://apps.pcdirectory.gov.hk/Public/EN/SearchResult/ToViewDetails?DPID=00725772&ProfID=RMP&PracticeID=4&SelectedResultRowID=49,HKSH Family Medicine and Primary Care Centre (Island East),"5/F, HKSH EASTERN MEDICAL CENTRE LI SHU FONG BUILDING, 5 A KUNG NGAM VILLAGE RD, SHAU KEI WAN, EASTERN DISTRICT, HONG KONG",29171180,22.282532,114.232649,Chronic Disease Co-Care Scheme; Elderly Health Care Voucher Scheme (HCVS); Vaccination Subsidy Scheme
"FOO, KEVIN BONG YIN",https://apps.pcdirectory.gov.hk/Public/EN/SearchResult/ToViewDetails?DPID=00725772&ProfID=RMP&PracticeID=5&SelectedResultRowID=50,HKSH Family Medicine and Primary Care Centre (Central),"1/F, 33 DES VOEUX ROAD CENTRAL, CENTRAL, CENTRAL & WESTERN DISTRICT, HONG KONG",25237887,22.28299,114.1572,Elderly Health Care Voucher Scheme (HCVS); Vaccination Subsidy Scheme
"LAM, WING WO",https://apps.pcdirectory.gov.hk/Public/EN/SearchResult/ToViewDetails?DPID=00102200&ProfID=RMP&PracticeID=1&SelectedResultRowID=104,DR. LAM WING WO'S CLINIC,"G/F, KAM FAI BUILDING, 125 BELCHER'S ST, KENNEDY TOWN, CENTRAL & WESTERN DISTRICT, HONG KONG",28173000,22.282613,114.127700,Chronic Disease Co-Care Scheme; Colorectal Cancer Screening Programme (CRCSP); Elderly Health Care Voucher Scheme (HCVS); Residential Care Home Vaccination Programme (RVP); Vaccination Subsidy Scheme
"KWOK, YU NIEN COLIN",https://apps.pcdirectory.gov.hk/Public/EN/SearchResult/ToViewDetails?DPID=00994972&ProfID=RMP&PracticeID=1&SelectedResultRowID=85,Trinity Medical Centre,"20/F, EMPEROR WATCH AND JEWELLERY CENTRE, 8 RUSSELL STREET, CAUSEWAY BAY, WAN CHAI DISTRICT, HONG KONG",21927022,22.27873,114.18184,
"KWOK, YU NIEN COLIN",https://apps.pcdirectory.gov.hk/Public/EN/SearchResult/ToViewDetails?DPID=00994972&ProfID=RMP&PracticeID=2&SelectedResultRowID=86,Trinity Medical Centre,"22/F, ENTERTAINMENT BUILDING, 30 QUEEN'S ROAD CENTRAL, CENTRAL, CENTRAL & WESTERN DISTRICT, HONG KONG",21927022,22.28145,114.1564,
"CHAN, ZHUO YI CALISTA",https://apps.pcdirectory.gov.hk/Public/EN/SearchResult/ToViewDetails?DPID=00777213&ProfID=RMP&PracticeID=1&SelectedResultRowID=15,UMP+ Medical Centre (Lee Garden),"26/F, LEE GARDEN TWO, LEE GARDENS TWO, 28 YUN PING RD, CAUSEWAY BAY, WAN CHAI DISTRICT, HONG KONG",28118218,22.278766,114.185414,Chronic Disease Co-Care Scheme; Colorectal Cancer Screening Programme (CRCSP); Elderly Health Care Voucher Scheme (HCVS); Seasonal Influenza Vaccination School Outreach Programme (SIVSOP)
"CHAN, ZHUO YI CALISTA",https://apps.pcdirectory.gov.hk/Public/EN/SearchResult/ToViewDetails?DPID=00777213&ProfID=RMP&PracticeID=2&SelectedResultRowID=16,UMP MEDICAL CENTRE (CENTRAL),"ROOM 1401-3, 14/F, WING ON HSE, 71 DES VOEUX RD C, CENTRAL, CENTRAL & WESTERN DISTRICT, HONG KONG",28401636,22.283893,114.156441,Chronic Disease Co-Care Scheme; Colorectal Cancer Screening Programme (CRCSP); Elderly Health Care Voucher Scheme (HCVS); Seasonal Influenza Vaccination School Outreach Programme (SIVSOP)
"TONG, TAK CHEUNG",https://apps.pcdirectory.gov.hk/Public/EN/SearchResult/ToViewDetails?DPID=00344113&ProfID=RMP&PracticeID=1&SelectedResultRowID=136,UMP+ Medical Centre (Lee Garden),"26/F, LEE GARDEN TWO, 28 YUN PING RD, CAUSEWAY BAY, WAN CHAI DISTRICT, HONG KONG",25779344,22.278883,114.185181,Chronic Disease Co-Care Scheme; Elderly Health Care Voucher Scheme (HCVS); Vaccination Subsidy Scheme
"POON, YUK HUNG",https://apps.pcdirectory.gov.hk/Public/EN/SearchResult/ToViewDetails?DPID=00414439&ProfID=RMP&PracticeID=1&SelectedResultRowID=122,DR. POON YUK HUNG,"SHOP 208, 2/F, HING TUNG ESTATE SHOPPING CENTRE, HING TUNG ESTATE, 55 YIU HING RD, SAI WAN HO, EASTERN DISTRICT, HONG KONG",25600509,22.280495,114.219520,Colorectal Cancer Screening Programme (CRCSP); Elderly Health Care Voucher Scheme (HCVS); Vaccination Subsidy Scheme
"LEE, WAI MING",https://apps.pcdirectory.gov.hk/Public/EN/SearchResult/ToViewDetails?DPID=10028700&ProfID=RMP&PracticeID=1&SelectedResultRowID=107,Hong Kong Adventist Hospital - Stubbs Road (Doctor-in-charge for Post-crisis Voluntary Free Medical Consultation),"HONG KONG ADVENTIST HOSPITAL, 40 STUBBS ROAD, WAN CHAI, WAN CHAI DISTRICT, HONG KONG",36518888,22.26369,114.18427,
"TSUI, HIU FA",https://apps.pcdirectory.gov.hk/Public/EN/SearchResult/ToViewDetails?DPID=00640326&ProfID=RMP&PracticeID=2&SelectedResultRowID=142,UMP MEDICAL CENTRE (CENTRAL),"ROOM 1401-3, 14/F, WING ON HSE, 71 DES VOEUX RD C, CENTRAL, CENTRAL & WESTERN DISTRICT, HONG KONG",28401636,22.283893,114.156441,Chronic Disease Co-Care Scheme; Colorectal Cancer Screening Programme (CRCSP); Elderly Health Care Voucher Scheme (HCVS); Seasonal Influenza Vaccination School Outreach Programme (SIVSOP); Vaccination Subsidy Scheme
"CHIU, CHI FAI",https://apps.pcdirectory.gov.hk/Public/EN/SearchResult/ToViewDetails?DPID=00012742&ProfID=RMP&PracticeID=3&SelectedResultRowID=30,Adventist Medical Center – Causeway Bay (Doctor-in-charge for Post-crisis Voluntary Free Medical Consultation),"26/F, LEE GARDENS TWO, 28 YUN PING ROAD, WAN CHAI DISTRICT, HONG KONG",27822202,22.27864,114.18561,
"CHIU, CHI FAI",https://apps.pcdirectory.gov.hk/Public/EN/SearchResult/ToViewDetails?DPID=00012742&ProfID=RMP&PracticeID=4&SelectedResultRowID=31,Adventist Medical Center – Taikoo Place (Doctor-in-charge for Post-crisis Voluntary Free Medical Consultation),"19/F, OXFORD HSE, TAIKOO PLACE, 979 KING'S ROAD, QUARRY BAY, EASTERN DISTRICT, HONG KONG",23095000,22.28713,114.21353,
"KWAN, CHUN MAN",https://apps.pcdirectory.gov.hk/Public/EN/SearchResult/ToViewDetails?DPID=00849913&ProfID=RMP&PracticeID=1&SelectedResultRowID=75,HKSH Family Medicine and Primary Care Centre,"G/F, LI SHU PUI BLOCK, HONG KONG SANATORIUM & HOSPITAL, 2 VILLAGE RD, HAPPY VALLEY, WAN CHAI DISTRICT, HONG KONG",28358600,22.269492,114.183299,Chronic Disease Co-Care Scheme; Elderly Health Care Voucher Scheme (HCVS); Vaccination Subsidy Scheme
"KWAN, CHUN MAN",https://apps.pcdirectory.gov.hk/Public/EN/SearchResult/ToViewDetails?DPID=00849913&ProfID=RMP&PracticeID=2&SelectedResultRowID=76,HKSH Family Medicine and Primary Care Centre (Taikoo),"SHOP A-C, THE SPLENDID PLACE, 39 TAIKOO SHING RD, QUARRY BAY, EASTERN DISTRICT, HONG KONG",25636655,22.285617,114.213826,Elderly Health Care Voucher Scheme (HCVS); Vaccination Subsidy Scheme
"KWAN, CHUN MAN",https://apps.pcdirectory.gov.hk/Public/EN/SearchResult/ToViewDetails?DPID=00849913&ProfID=RMP&PracticeID=3&SelectedResultRowID=77,HKSH Healthcare (Tanner Hill) Limited,"3/F, THE TANNER HILL, 8 TANNER RD, NORTH POINT, EASTERN DISTRICT, HONG KONG",22199012,22.28989,114.200999,Chronic Disease Co-Care Scheme; Elderly Health Care Voucher Scheme (HCVS); Vaccination Subsidy Scheme
"KWAN, CHUN MAN",https://apps.pcdirectory.gov.hk/Public/EN/SearchResult/ToViewDetails?DPID=00849913&ProfID=RMP&PracticeID=4&SelectedResultRowID=78,HKSH Family Medicine and Primary Care Centre (Island East),"5/F, HKSH EASTERN MEDICAL CENTRE LI SHU FONG BUILDING, 5 A KUNG NGAM VILLAGE RD, SHAU KEI WAN, EASTERN DISTRICT, HONG KONG",29171180,22.282532,114.232649,Chronic Disease Co-Care Scheme; Elderly Health Care Voucher Scheme (HCVS); Vaccination Subsidy Scheme
"KWAN, CHUN MAN",https://apps.pcdirectory.gov.hk/Public/EN/SearchResult/ToViewDetails?DPID=00849913&ProfID=RMP&PracticeID=5&SelectedResultRowID=79,HKSH Family Medicine and Primary Care Centre (Central),"1/F, 33 DES VOEUX ROAD CENTRAL, CENTRAL, CENTRAL & WESTERN DISTRICT, HONG KONG",25237887,22.28299,114.1572,Elderly Health Care Voucher Scheme (HCVS); Vaccination Subsidy Scheme
"KWONG, WING HUN",https://apps.pcdirectory.gov.hk/Public/EN/SearchResult/ToViewDetails?DPID=00040069&ProfID=RMP&PracticeID=1&SelectedResultRowID=87,HKSH Family Medicine and Primary Care Centre,"G/F, LI SHU PUI BLOCK, HONG KONG SANATORIUM & HOSPITAL, 2 VILLAGE RD, HAPPY VALLEY, WAN CHAI DISTRICT, HONG KONG",28358600,22.269492,114.183299,Chronic Disease Co-Care Scheme; Elderly Health Care Voucher Scheme (HCVS); Vaccination Subsidy Scheme
"KWONG, WING HUN",https://apps.pcdirectory.gov.hk/Public/EN/SearchResult/ToViewDetails?DPID=00040069&ProfID=RMP&PracticeID=2&SelectedResultRowID=88,HKSH Family Medicine and Primary Care Centre (Taikoo),"SHOP A-C, THE SPLENDID PLACE, 39 TAIKOO SHING RD, QUARRY BAY, EASTERN DISTRICT, HONG KONG",25636655,22.285617,114.213826,Elderly Health Care Voucher Scheme (HCVS); Vaccination Subsidy Scheme
"KWONG, WING HUN",https://apps.pcdirectory.gov.hk/Public/EN/SearchResult/ToViewDetails?DPID=00040069&ProfID=RMP&PracticeID=3&SelectedResultRowID=89,HKSH Family Medicine and Primary Care Centre (Tanner Hill),"3/F, THE TANNER HILL, 8 TANNER RD, NORTH POINT, EASTERN DISTRICT, HONG KONG",22199012,22.28989,114.200999,Elderly Health Care Voucher Scheme (HCVS); Vaccination Subsidy Scheme
"KWONG, WING HUN",https://apps.pcdirectory.gov.hk/Public/EN/SearchResult/ToViewDetails?DPID=00040069&ProfID=RMP&PracticeID=4&SelectedResultRowID=90,HKSH Family Medicine and Primary Care Centre (Island East),"5/F, HKSH EASTERN MEDICAL CENTRE LI SHU FONG BUILDING, 5 A KUNG NGAM VILLAGE RD, SHAU KEI WAN, EASTERN DISTRICT, HONG KONG",29171180,22.282532,114.232649,Chronic Disease Co-Care Scheme; Elderly Health Care Voucher Scheme (HCVS); Vaccination Subsidy Scheme
"KWONG, WING HUN",https://apps.pcdirectory.gov.hk/Public/EN/SearchResult/ToViewDetails?DPID=00040069&ProfID=RMP&PracticeID=5&SelectedResultRowID=91,HKSH Family Medicine and Primary Care Centre (Central),"1/F, 33 DES VOEUX ROAD CENTRAL, CENTRAL, CENTRAL & WESTERN DISTRICT, HONG KONG",25237887,22.28302,114.15725,Chronic Disease Co-Care Scheme; Elderly Health Care Voucher Scheme (HCVS); Vaccination Subsidy Scheme
"LAM, WAI KIT",https://apps.pcdirectory.gov.hk/Public/EN/SearchResult/ToViewDetails?DPID=00663413&ProfID=RMP&PracticeID=1&SelectedResultRowID=94,HKSH Family Medicine and Primary Care Centre,"G/F, LI SHU PUI BLOCK, HONG KONG SANATORIUM & HOSPITAL, 2 VILLAGE RD, HAPPY VALLEY, WAN CHAI DISTRICT, HONG KONG",28358600,22.269492,114.183299,Chronic Disease Co-Care Scheme; Elderly Health Care Voucher Scheme (HCVS); Vaccination Subsidy Scheme
"LAM, WAI KIT",https://apps.pcdirectory.gov.hk/Public/EN/SearchResult/ToViewDetails?DPID=00663413&ProfID=RMP&PracticeID=2&SelectedResultRowID=95,HKSH Family Medicine and Primary Care Centre (Island East),"5/F, HKSH EASTERN MEDICAL CENTRE LI SHU FONG BUILDING, 5 A KUNG NGAM VILLAGE RD, SHAU KEI WAN, EASTERN DISTRICT, HONG KONG",29171180,22.282532,114.232649,Chronic Disease Co-Care Scheme; Elderly Health Care Voucher Scheme (HCVS); Vaccination Subsidy Scheme
"LAM, WAI KIT",https://apps.pcdirectory.gov.hk/Public/EN/SearchResult/ToViewDetails?DPID=00663413&ProfID=RMP&PracticeID=3&SelectedResultRowID=96,HKSH Family Medicine and Primary Care Centre (Taikoo),"SHOP A-C, THE SPLENDID PLACE, 39 TAIKOO SHING RD, QUARRY BAY, EASTERN DISTRICT, HONG KONG",25636655,22.285617,114.213826,Elderly Health Care Voucher Scheme (HCVS); Vaccination Subsidy Scheme
"LAM, WAI KIT",https://apps.pcdirectory.gov.hk/Public/EN/SearchResult/ToViewDetails?DPID=00663413&ProfID=RMP&PracticeID=4&SelectedResultRowID=97,HKSH Healthcare (Tanner Hill) Limited,"3/F, THE TANNER HILL, 8 TANNER RD, NORTH POINT, EASTERN DISTRICT, HONG KONG",22199012,22.28989,114.200999,Elderly Health Care Voucher Scheme (HCVS); Vaccination Subsidy Scheme
"LAM, WAI KIT",https://apps.pcdirectory.gov.hk/Public/EN/SearchResult/ToViewDetails?DPID=00663413&ProfID=RMP&PracticeID=5&SelectedResultRowID=98,HKSH Family Medicine and Primary Care Centre (Central),"1/F, 33 DES VOEUX ROAD CENTRAL, CENTRAL, CENTRAL & WESTERN DISTRICT, HONG KONG",25237887,22.28302,114.15725,Elderly Health Care Voucher Scheme (HCVS); Vaccination Subsidy Scheme
"LAM, WING CHING NICOLE",https://apps.pcdirectory.gov.hk/Public/EN/SearchResult/ToViewDetails?DPID=00792556&ProfID=RMP&PracticeID=1&SelectedResultRowID=99,HKSH Family Medicine and Primary Care Centre,"G/F, LI SHU PUI BLOCK, HONG KONG SANATORIUM & HOSPITAL, 2 VILLAGE RD, HAPPY VALLEY, WAN CHAI DISTRICT, HONG KONG",28358600,22.269492,114.183299,Chronic Disease Co-Care Scheme; Elderly Health Care Voucher Scheme (HCVS); Vaccination Subsidy Scheme
"LAM, WING CHING NICOLE",https://apps.pcdirectory.gov.hk/Public/EN/SearchResult/ToViewDetails?DPID=00792556&ProfID=RMP&PracticeID=2&SelectedResultRowID=100,HKSH Family Medicine and Primary Care Centre (Taikoo),"SHOP A-C, THE SPLENDID PLACE, 39 TAIKOO SHING RD, QUARRY BAY, EASTERN DISTRICT, HONG KONG",25636655,22.285617,114.213826,Elderly Health Care Voucher Scheme (HCVS); Vaccination Subsidy Scheme
"LAM, WING CHING NICOLE",https://apps.pcdirectory.gov.hk/Public/EN/SearchResult/ToViewDetails?DPID=00792556&ProfID=RMP&PracticeID=3&SelectedResultRowID=101,HKSH Family Medicine and Primary Care Centre (Island East),"5/F, HKSH EASTERN MEDICAL CENTRE LI SHU FONG BUILDING, 5 A KUNG NGAM VILLAGE RD, SHAU KEI WAN, EASTERN DISTRICT, HONG KONG",29171180,22.282532,114.232649,Chronic Disease Co-Care Scheme; Elderly Health Care Voucher Scheme (HCVS); Vaccination Subsidy Scheme
"LAM, WING CHING NICOLE",https://apps.pcdirectory.gov.hk/Public/EN/SearchResult/ToViewDetails?DPID=00792556&ProfID=RMP&PracticeID=4&SelectedResultRowID=102,HKSH Healthcare (Tanner Hill) Limited,"3/F, THE TANNER HILL, 8 TANNER RD, NORTH POINT, EASTERN DISTRICT, HONG KONG",22199012,22.28989,114.200999,Elderly Health Care Voucher Scheme (HCVS); Vaccination Subsidy Scheme
"LAM, WING CHING NICOLE",https://apps.pcdirectory.gov.hk/Public/EN/SearchResult/ToViewDetails?DPID=00792556&ProfID=RMP&PracticeID=5&SelectedResultRowID=103,HKSH Family Medicine and Primary Care Centre (Central),"1/F, 33 DES VOEUX ROAD CENTRAL, CENTRAL, CENTRAL & WESTERN DISTRICT, HONG KONG",25237887,22.28303,114.1572,Elderly Health Care Voucher Scheme (HCVS); Vaccination Subsidy Scheme
"LEUNG, KIT YAN",https://apps.pcdirectory.gov.hk/Public/EN/SearchResult/ToViewDetails?DPID=00844126&ProfID=RMP&PracticeID=1&SelectedResultRowID=108,HKSH Family Medicine and Primary Care Centre,"G/F, LI SHU PUI BLOCK, HONG KONG SANATORIUM & HOSPITAL, 2 VILLAGE RD, HAPPY VALLEY, WAN CHAI DISTRICT, HONG KONG",28358600,22.269492,114.183299,Chronic Disease Co-Care Scheme; Elderly Health Care Voucher Scheme (HCVS); Vaccination Subsidy Scheme
"LEUNG, KIT YAN",https://apps.pcdirectory.gov.hk/Public/EN/SearchResult/ToViewDetails?DPID=00844126&ProfID=RMP&PracticeID=2&SelectedResultRowID=109,HKSH Family Medicine and Primary Care Centre (Taikoo),"SHOP A-C, THE SPLENDID PLACE, 39 TAIKOO SHING RD, QUARRY BAY, EASTERN DISTRICT, HONG KONG",25636655,22.285617,114.213826,Elderly Health Care Voucher Scheme (HCVS); Vaccination Subsidy Scheme
"LEUNG, KIT YAN",https://apps.pcdirectory.gov.hk/Public/EN/SearchResult/ToViewDetails?DPID=00844126&ProfID=RMP&PracticeID=3&SelectedResultRowID=110,HKSH Family Medicine and Primary Care Centre (Tanner Hill),"3/F, THE TANNER HILL, 8 TANNER RD, NORTH POINT, EASTERN DISTRICT, HONG KONG",22199012,22.28989,114.200999,Elderly Health Care Voucher Scheme (HCVS); Vaccination Subsidy Scheme
"LEUNG, KIT YAN",https://apps.pcdirectory.gov.hk/Public/EN/SearchResult/ToViewDetails?DPID=00844126&ProfID=RMP&PracticeID=4&SelectedResultRowID=111,HKSH Family Medicine and Primary Care Centre (Island East),"5/F, HKSH EASTERN MEDICAL CENTRE LI SHU FONG BUILDING, 5 A KUNG NGAM VILLAGE RD, SHAU KEI WAN, EASTERN DISTRICT, HONG KONG",29171180,22.282532,114.232649,Chronic Disease Co-Care Scheme; Elderly Health Care Voucher Scheme (HCVS); Vaccination Subsidy Scheme
"LEUNG, KIT YAN",https://apps.pcdirectory.gov.hk/Public/EN/SearchResult/ToViewDetails?DPID=00844126&ProfID=RMP&PracticeID=5&SelectedResultRowID=112,HKSH Family Medicine and Primary Care Centre (Central),"1/F, 33 DES VOEUX ROAD CENTRAL, CENTRAL, CENTRAL & WESTERN DISTRICT, HONG KONG",25237887,22.28302,114.15725,Elderly Health Care Voucher Scheme (HCVS); Vaccination Subsidy Scheme
"LEUNG, NELSON",https://apps.pcdirectory.gov.hk/Public/EN/SearchResult/ToViewDetails?DPID=10418226&ProfID=RMP&PracticeID=1&SelectedResultRowID=114,HKSH Family Medicine and Primary Care Centre,"G/F, LI SHU PUI BLOCK, HONG KONG SANATORIUM & HOSPITAL, 2 VILLAGE RD, HAPPY VALLEY, WAN CHAI DISTRICT, HONG KONG",28358600,22.269492,114.183299,Chronic Disease Co-Care Scheme; Elderly Health Care Voucher Scheme (HCVS); Vaccination Subsidy Scheme
"LEUNG, NELSON",https://apps.pcdirectory.gov.hk/Public/EN/SearchResult/ToViewDetails?DPID=10418226&ProfID=RMP&PracticeID=2&SelectedResultRowID=115,HKSH Family Medicine and Primary Care Centre (Island East),"5/F, HKSH EASTERN MEDICAL CENTRE LI SHU FONG BUILDING, 5 A KUNG NGAM VILLAGE RD, SHAU KEI WAN, EASTERN DISTRICT, HONG KONG",29171180,22.282532,114.232649,Chronic Disease Co-Care Scheme; Elderly Health Care Voucher Scheme (HCVS); Vaccination Subsidy Scheme
"LEUNG, NELSON",https://apps.pcdirectory.gov.hk/Public/EN/SearchResult/ToViewDetails?DPID=10418226&ProfID=RMP&PracticeID=3&SelectedResultRowID=116,HKSH Family Medicine and Primary Care Centre (Taikoo),"SHOP A-C, THE SPLENDID PLACE, 39 TAIKOO SHING RD, QUARRY BAY, EASTERN DISTRICT, HONG KONG",25636655,22.285617,114.213826,Elderly Health Care Voucher Scheme (HCVS); Vaccination Subsidy Scheme
"LEUNG, NELSON",https://apps.pcdirectory.gov.hk/Public/EN/SearchResult/ToViewDetails?DPID=10418226&ProfID=RMP&PracticeID=4&SelectedResultRowID=117,HKSH Family Medicine and Primary Care Centre (Central),"1/F, 33 DES VOEUX ROAD CENTRAL, CENTRAL, CENTRAL & WESTERN DISTRICT, HONG KONG",25237887,22.28302,114.15725,Elderly Health Care Voucher Scheme (HCVS); Vaccination Subsidy Scheme
"LEUNG, NELSON",https://apps.pcdirectory.gov.hk/Public/EN/SearchResult/ToViewDetails?DPID=10418226&ProfID=RMP&PracticeID=5&SelectedResultRowID=118,HKSH Family Medicine and Primary Care Centre (Tanner Hill),"3/F, THE TANNER HILL, 8 TANNER RD, NORTH POINT, EASTERN DISTRICT, HONG KONG",22199012,22.28989,114.200999,Elderly Health Care Voucher Scheme (HCVS); Vaccination Subsidy Scheme
"TAM, MAN WAI",https://apps.pcdirectory.gov.hk/Public/EN/SearchResult/ToViewDetails?DPID=00809642&ProfID=RMP&PracticeID=1&SelectedResultRowID=129,HKSH Family Medicine and Primary Care Centre,"G/F, LI SHU PUI BLOCK, HONG KONG SANATORIUM & HOSPITAL, 2 VILLAGE RD, HAPPY VALLEY, WAN CHAI DISTRICT, HONG KONG",28358600,22.269492,114.183299,Chronic Disease Co-Care Scheme; Elderly Health Care Voucher Scheme (HCVS); Vaccination Subsidy Scheme
"TAM, MAN WAI",https://apps.pcdirectory.gov.hk/Public/EN/SearchResult/ToViewDetails?DPID=00809642&ProfID=RMP&PracticeID=2&SelectedResultRowID=130,HKSH Family Medicine and Primary Care Centre (Island East),"5/F, HKSH EASTERN MEDICAL CENTRE LI SHU FONG BUILDING, 5 A KUNG NGAM VILLAGE RD, SHAU KEI WAN, EASTERN DISTRICT, HONG KONG",29171180,22.282532,114.232649,Chronic Disease Co-Care Scheme; Elderly Health Care Voucher Scheme (HCVS); Vaccination Subsidy Scheme
"TAM, MAN WAI",https://apps.pcdirectory.gov.hk/Public/EN/SearchResult/ToViewDetails?DPID=00809642&ProfID=RMP&PracticeID=3&SelectedResultRowID=131,HKSH Healthcare (Tanner Hill) Limited,"3/F, THE TANNER HILL, 8 TANNER RD, NORTH POINT, EASTERN DISTRICT, HONG KONG",22199012,22.28989,114.200999,Elderly Health Care Voucher Scheme (HCVS); Vaccination Subsidy Scheme
"TAM, MAN WAI",https://apps.pcdirectory.gov.hk/Public/EN/SearchResult/ToViewDetails?DPID=00809642&ProfID=RMP&PracticeID=4&SelectedResultRowID=132,HKSH Family Medicine and Primary Care Centre (Taikoo),"SHOP A-C, THE SPLENDID PLACE, 39 TAIKOO SHING RD, QUARRY BAY, EASTERN DISTRICT, HONG KONG",25636655,22.285617,114.213826,Chronic Disease Co-Care Scheme; Elderly Health Care Voucher Scheme (HCVS); Vaccination Subsidy Scheme
"TAM, MAN WAI",https://apps.pcdirectory.gov.hk/Public/EN/SearchResult/ToViewDetails?DPID=00809642&ProfID=RMP&PracticeID=5&SelectedResultRowID=133,HKSH Family Medicine and Primary Care Centre (Central),"1/F, 33 DES VOEUX ROAD CENTRAL, CENTRAL, CENTRAL & WESTERN DISTRICT, HONG KONG",25237887,22.28302,114.15725,Elderly Health Care Voucher Scheme (HCVS); Vaccination Subsidy Scheme
"TSANG, SHEUNG YIN STANLEY",https://apps.pcdirectory.gov.hk/Public/EN/SearchResult/ToViewDetails?DPID=00801239&ProfID=RMP&PracticeID=1&SelectedResultRowID=137,HKSH Family Medicine and Primary Care Centre,"G/F, LI SHU PUI BLOCK, HONG KONG SANATORIUM & HOSPITAL, 2 VILLAGE RD, HAPPY VALLEY, WAN CHAI DISTRICT, HONG KONG",28358600,22.269492,114.183299,Chronic Disease Co-Care Scheme; Elderly Health Care Voucher Scheme (HCVS); Vaccination Subsidy Scheme
"TSANG, SHEUNG YIN STANLEY",https://apps.pcdirectory.gov.hk/Public/EN/SearchResult/ToViewDetails?DPID=00801239&ProfID=RMP&PracticeID=2&SelectedResultRowID=138,HKSH Family Medicine and Primary Care Centre (Island East),"5/F, HKSH EASTERN MEDICAL CENTRE LI SHU FONG BUILDING, 5 A KUNG NGAM VILLAGE RD, SHAU KEI WAN, EASTERN DISTRICT, HONG KONG",29171180,22.282532,114.232649,Chronic Disease Co-Care Scheme; Elderly Health Care Voucher Scheme (HCVS); Vaccination Subsidy Scheme
"TSANG, SHEUNG YIN STANLEY",https://apps.pcdirectory.gov.hk/Public/EN/SearchResult/ToViewDetails?DPID=00801239&ProfID=RMP&PracticeID=3&SelectedResultRowID=139,HKSH Healthcare (Tanner Hill) Limited,"3/F, THE TANNER HILL, 8 TANNER RD, NORTH POINT, EASTERN DISTRICT, HONG KONG",22199012,22.28989,114.200999,Elderly Health Care Voucher Scheme (HCVS); Vaccination Subsidy Scheme
"TSANG, SHEUNG YIN STANLEY",https://apps.pcdirectory.gov.hk/Public/EN/SearchResult/ToViewDetails?DPID=00801239&ProfID=RMP&PracticeID=4&SelectedResultRowID=140,HKSH Family Medicine and Primary Care Centre (Taikoo),"SHOP A-C, THE SPLENDID PLACE, 39 TAIKOO SHING RD, QUARRY BAY, EASTERN DISTRICT, HONG KONG",25636655,22.285617,114.213826,Elderly Health Care Voucher Scheme (HCVS); Vaccination Subsidy Scheme
"TSANG, SHEUNG YIN STANLEY",https://apps.pcdirectory.gov.hk/Public/EN/SearchResult/ToViewDetails?DPID=00801239&ProfID=RMP&PracticeID=5&SelectedResultRowID=141,HKSH Family Medicine and Primary Care Centre (Central),"1/F, 33 DES VOEUX ROAD CENTRAL, CENTRAL, CENTRAL & WESTERN DISTRICT, HONG KONG",25237887,22.28302,114.15725,Elderly Health Care Voucher Scheme (HCVS); Vaccination Subsidy Scheme
"TSUI, TO SHING ALEX",https://apps.pcdirectory.gov.hk/Public/EN/SearchResult/ToViewDetails?DPID=00261600&ProfID=RMP&PracticeID=1&SelectedResultRowID=143,HKSH Family Medicine and Primary Care Centre,"G/F, LI SHU PUI BLOCK, HONG KONG SANATORIUM & HOSPITAL, 2 VILLAGE RD, HAPPY VALLEY, WAN CHAI DISTRICT, HONG KONG",28358600,22.269492,114.183299,Chronic Disease Co-Care Scheme; Elderly Health Care Voucher Scheme (HCVS); Vaccination Subsidy Scheme
"TSUI, TO SHING ALEX",https://apps.pcdirectory.gov.hk/Public/EN/SearchResult/ToViewDetails?DPID=00261600&ProfID=RMP&PracticeID=2&SelectedResultRowID=144,HKSH Family Medicine and Primary Care Centre (Island East),"5/F, HKSH EASTERN MEDICAL CENTRE LI SHU FONG BUILDING, 5 A KUNG NGAM VILLAGE RD, SHAU KEI WAN, EASTERN DISTRICT, HONG KONG",29171180,22.282532,114.232649,Chronic Disease Co-Care Scheme; Elderly Health Care Voucher Scheme (HCVS); Vaccination Subsidy Scheme
"TSUI, TO SHING ALEX",https://apps.pcdirectory.gov.hk/Public/EN/SearchResult/ToViewDetails?DPID=00261600&ProfID=RMP&PracticeID=3&SelectedResultRowID=145,HKSH Family Medicine and Primary Care Centre (Taikoo),"SHOP A-C, THE SPLENDID PLACE, 39 TAIKOO SHING RD, QUARRY BAY, EASTERN DISTRICT, HONG KONG",25636655,22.285617,114.213826,Elderly Health Care Voucher Scheme (HCVS); Vaccination Subsidy Scheme
"TSUI, TO SHING ALEX",https://apps.pcdirectory.gov.hk/Public/EN/SearchResult/ToViewDetails?DPID=00261600&ProfID=RMP&PracticeID=4&SelectedResultRowID=146,HKSH Family Medicine and Primary Care Centre (Central),"1/F, 33 DES VOEUX ROAD CENTRAL, CENTRAL, CENTRAL & WESTERN DISTRICT, HONG KONG",25237887,22.28302,114.15725,Elderly Health Care Voucher Scheme (HCVS); Vaccination Subsidy Scheme
"TSUI, TO SHING ALEX",https://apps.pcdirectory.gov.hk/Public/EN/SearchResult/ToViewDetails?DPID=00261600&ProfID=RMP&PracticeID=5&SelectedResultRowID=147,HKSH Healthcare (Tanner Hill) Limited,"3/F, THE TANNER HILL, 8 TANNER RD, NORTH POINT, EASTERN DISTRICT, HONG KONG",22199012,22.28989,114.200999,Elderly Health Care Voucher Scheme (HCVS); Vaccination Subsidy Scheme
"WONG, KIN WA",https://apps.pcdirectory.gov.hk/Public/EN/SearchResult/ToViewDetails?DPID=00768000&ProfID=RMP&PracticeID=1&SelectedResultRowID=158,HKSH Family Medicine and Primary Care Centre,"G/F, LI SHU PUI BLOCK, HONG KONG SANATORIUM & HOSPITAL, 2 VILLAGE RD, HAPPY VALLEY, WAN CHAI DISTRICT, HONG KONG",28358600,22.269492,114.183299,Chronic Disease Co-Care Scheme; Elderly Health Care Voucher Scheme (HCVS); Vaccination Subsidy Scheme
"WONG, KIN WA",https://apps.pcdirectory.gov.hk/Public/EN/SearchResult/ToViewDetails?DPID=00768000&ProfID=RMP&PracticeID=2&SelectedResultRowID=159,HKSH Family Medicine and Primary Care Centre (Island East),"5/F, HKSH EASTERN MEDICAL CENTRE LI SHU FONG BUILDING, 5 A KUNG NGAM VILLAGE RD, SHAU KEI WAN, EASTERN DISTRICT, HONG KONG",29171180,22.282532,114.232649,Chronic Disease Co-Care Scheme; Elderly Health Care Voucher Scheme (HCVS); Vaccination Subsidy Scheme
"WONG, KIN WA",https://apps.pcdirectory.gov.hk/Public/EN/SearchResult/ToViewDetails?DPID=00768000&ProfID=RMP&PracticeID=3&SelectedResultRowID=160,HKSH Healthcare (Tanner Hill) Limited,"3/F, THE TANNER HILL, 8 TANNER RD, NORTH POINT, EASTERN DISTRICT, HONG KONG",22199012,22.28989,114.200999,Elderly Health Care Voucher Scheme (HCVS); Vaccination Subsidy Scheme
"WONG, KIN WA",https://apps.pcdirectory.gov.hk/Public/EN/SearchResult/ToViewDetails?DPID=00768000&ProfID=RMP&PracticeID=4&SelectedResultRowID=161,HKSH Family Medicine and Primary Care Centre (Taikoo),"SHOP A-C, THE SPLENDID PLACE, 39 TAIKOO SHING RD, QUARRY BAY, EASTERN DISTRICT, HONG KONG",25636655,22.285617,114.213826,Elderly Health Care Voucher Scheme (HCVS); Vaccination Subsidy Scheme
"WONG, KIN WA",https://apps.pcdirectory.gov.hk/Public/EN/SearchResult/ToViewDetails?DPID=00768000&ProfID=RMP&PracticeID=5&SelectedResultRowID=162,HKSH Family Medicine and Primary Care Centre (Central),"1/F, 33 DES VOEUX ROAD CENTRAL, CENTRAL, CENTRAL & WESTERN DISTRICT, HONG KONG",25237887,22.28302,114.15725,Elderly Health Care Voucher Scheme (HCVS); Vaccination Subsidy Scheme
"YIU, YEE KI",https://apps.pcdirectory.gov.hk/Public/EN/SearchResult/ToViewDetails?DPID=00746372&ProfID=RMP&PracticeID=1&SelectedResultRowID=172,HKSH Family Medicine and Primary Care Centre,"G/F, LI SHU PUI BLOCK, HONG KONG SANATORIUM & HOSPITAL, 2 VILLAGE RD, HAPPY VALLEY, WAN CHAI DISTRICT, HONG KONG",28358600,22.269492,114.183299,Chronic Disease Co-Care Scheme; Elderly Health Care Voucher Scheme (HCVS); Vaccination Subsidy Scheme
"YIU, YEE KI",https://apps.pcdirectory.gov.hk/Public/EN/SearchResult/ToViewDetails?DPID=00746372&ProfID=RMP&PracticeID=2&SelectedResultRowID=173,HKSH Family Medicine and Primary Care Centre (Island East),"5/F, HKSH EASTERN MEDICAL CENTRE LI SHU FONG BUILDING, 5 A KUNG NGAM VILLAGE RD, SHAU KEI WAN, EASTERN DISTRICT, HONG KONG",29171180,22.282532,114.232649,Chronic Disease Co-Care Scheme; Elderly Health Care Voucher Scheme (HCVS); Vaccination Subsidy Scheme
"YIU, YEE KI",https://apps.pcdirectory.gov.hk/Public/EN/SearchResult/ToViewDetails?DPID=00746372&ProfID=RMP&PracticeID=3&SelectedResultRowID=174,HKSH Healthcare (Tanner Hill) Limited,"3/F, THE TANNER HILL, 8 TANNER RD, NORTH POINT, EASTERN DISTRICT, HONG KONG",22199012,22.28989,114.200999,Elderly Health Care Voucher Scheme (HCVS); Vaccination Subsidy Scheme
"YIU, YEE KI",https://apps.pcdirectory.gov.hk/Public/EN/SearchResult/ToViewDetails?DPID=00746372&ProfID=RMP&PracticeID=4&SelectedResultRowID=175,HKSH Family Medicine and Primary Care Centre (Taikoo),"SHOP A-C, THE SPLENDID PLACE, 39 TAIKOO SHING RD, QUARRY BAY, EASTERN DISTRICT, HONG KONG",25636655,22.285617,114.213826,Chronic Disease Co-Care Scheme; Elderly Health Care Voucher Scheme (HCVS); Vaccination Subsidy Scheme
"YIU, YEE KI",https://apps.pcdirectory.gov.hk/Public/EN/SearchResult/ToViewDetails?DPID=00746372&ProfID=RMP&PracticeID=5&SelectedResultRowID=176,HKSH Family Medicine and Primary Care Centre (Central),"1/F, 33 DES VOEUX ROAD CENTRAL, CENTRAL, CENTRAL & WESTERN DISTRICT, HONG KONG",25237887,22.28302,114.15725,Elderly Health Care Voucher Scheme (HCVS); Vaccination Subsidy Scheme
"CHAN, KAM SHEUNG",https://apps.pcdirectory.gov.hk/Public/EN/SearchResult/ToViewDetails?DPID=00799726&ProfID=RMP&PracticeID=1&SelectedResultRowID=2,HKSH Family Medicine and Primary Care Centre,"G/F, LI SHU PUI BLOCK, HONG KONG SANATORIUM & HOSPITAL, 2 VILLAGE RD, HAPPY VALLEY, WAN CHAI DISTRICT, HONG KONG",28358600,22.269492,114.183299,Chronic Disease Co-Care Scheme; Elderly Health Care Voucher Scheme (HCVS); Vaccination Subsidy Scheme
"CHAN, KAM SHEUNG",https://apps.pcdirectory.gov.hk/Public/EN/SearchResult/ToViewDetails?DPID=00799726&ProfID=RMP&PracticeID=2&SelectedResultRowID=3,HKSH Family Medicine and Primary Care Centre (Island East),"5/F, HKSH EASTERN MEDICAL CENTRE LI SHU FONG BUILDING, 5 A KUNG NGAM VILLAGE RD, SHAU KEI WAN, EASTERN DISTRICT, HONG KONG",29171180,22.282532,114.232649,Chronic Disease Co-Care Scheme; Elderly Health Care Voucher Scheme (HCVS); Vaccination Subsidy Scheme
"CHAN, KAM SHEUNG",https://apps.pcdirectory.gov.hk/Public/EN/SearchResult/ToViewDetails?DPID=00799726&ProfID=RMP&PracticeID=3&SelectedResultRowID=4,HKSH Family Medicine and Primary Care Centre (Taikoo),"SHOP A-C, THE SPLENDID PLACE, 39 TAIKOO SHING RD, QUARRY BAY, EASTERN DISTRICT, HONG KONG",25636655,22.285617,114.213826,Elderly Health Care Voucher Scheme (HCVS); Vaccination Subsidy Scheme
"CHAN, KAM SHEUNG",https://apps.pcdirectory.gov.hk/Public/EN/SearchResult/ToViewDetails?DPID=00799726&ProfID=RMP&PracticeID=4&SelectedResultRowID=5,HKSH Family Medicine and Primary Care Centre (Tanner Hill),"3/F, THE TANNER HILL, 8 TANNER RD, NORTH POINT, EASTERN DISTRICT, HONG KONG",22199012,22.28989,114.200999,Elderly Health Care Voucher Scheme (HCVS); Vaccination Subsidy Scheme
"CHAN, KAM SHEUNG",https://apps.pcdirectory.gov.hk/Public/EN/SearchResult/ToViewDetails?DPID=00799726&ProfID=RMP&PracticeID=5&SelectedResultRowID=6,HKSH Family Medicine and Primary Care Centre (Central),"1/F, 33 DES VOEUX ROAD CENTRAL, CENTRAL, CENTRAL & WESTERN DISTRICT, HONG KONG",25237887,22.28299,114.15721,Elderly Health Care Voucher Scheme (HCVS); Vaccination Subsidy Scheme
"CHAN, SO WAI",https://apps.pcdirectory.gov.hk/Public/EN/SearchResult/ToViewDetails?DPID=00750572&ProfID=RMP&PracticeID=1&SelectedResultRowID=10,HKSH Family Medicine and Primary Care Centre,"G/F, LI SHU PUI BLOCK, HONG KONG SANATORIUM & HOSPITAL, 2 VILLAGE RD, HAPPY VALLEY, WAN CHAI DISTRICT, HONG KONG",28358600,22.269492,114.183299,Chronic Disease Co-Care Scheme; Elderly Health Care Voucher Scheme (HCVS); Vaccination Subsidy Scheme
"CHAN, SO WAI",https://apps.pcdirectory.gov.hk/Public/EN/SearchResult/ToViewDetails?DPID=00750572&ProfID=RMP&PracticeID=2&SelectedResultRowID=11,HKSH Family Medicine and Primary Care Centre (Island East),"5/F, HKSH EASTERN MEDICAL CENTRE LI SHU FONG BUILDING, 5 A KUNG NGAM VILLAGE RD, SHAU KEI WAN, EASTERN DISTRICT, HONG KONG",29171180,22.282532,114.232649,Chronic Disease Co-Care Scheme; Elderly Health Care Voucher Scheme (HCVS); Vaccination Subsidy Scheme
"CHAN, SO WAI",https://apps.pcdirectory.gov.hk/Public/EN/SearchResult/ToViewDetails?DPID=00750572&ProfID=RMP&PracticeID=3&SelectedResultRowID=12,HKSH Family Medicine and Primary Care Centre (Taikoo),"SHOP A-C, THE SPLENDID PLACE, 39 TAIKOO SHING RD, QUARRY BAY, EASTERN DISTRICT, HONG KONG",25636655,22.285617,114.213826,Chronic Disease Co-Care Scheme; Elderly Health Care Voucher Scheme (HCVS); Vaccination Subsidy Scheme
"CHAN, SO WAI",https://apps.pcdirectory.gov.hk/Public/EN/SearchResult/ToViewDetails?DPID=00750572&ProfID=RMP&PracticeID=4&SelectedResultRowID=13,HKSH Healthcare (Tanner Hill) Limited,"3/F, THE TANNER HILL, 8 TANNER RD, NORTH POINT, EASTERN DISTRICT, HONG KONG",22199012,22.28989,114.200999,Elderly Health Care Voucher Scheme (HCVS); Vaccination Subsidy Scheme
"CHAN, SO WAI",https://apps.pcdirectory.gov.hk/Public/EN/SearchResult/ToViewDetails?DPID=00750572&ProfID=RMP&PracticeID=5&SelectedResultRowID=14,HKSH Family Medicine and Primary Care Centre (Central),"1/F, 33 DES VOEUX ROAD CENTRAL, CENTRAL, CENTRAL & WESTERN DISTRICT, HONG KONG",25237887,22.28299,114.15718,Elderly Health Care Voucher Scheme (HCVS); Vaccination Subsidy Scheme
"FUNG, CHI WAH DAVID",https://apps.pcdirectory.gov.hk/Public/EN/SearchResult/ToViewDetails?DPID=00664326&ProfID=RMP&PracticeID=2&SelectedResultRowID=51,HONG KONG ADVENTIST HOSPITAL - STUBBS ROAD,"HONG KONG ADVENTIST HOSPITAL, 40 STUBBS RD, WAN CHAI DISTRICT, HONG KONG",36518888,22.26364,114.184172,Colorectal Cancer Screening Programme (CRCSP); Elderly Health Care Voucher Scheme (HCVS); Vaccination Subsidy Scheme
"WONG, MARIA KA YEE",https://apps.pcdirectory.gov.hk/Public/EN/SearchResult/ToViewDetails?DPID=00467126&ProfID=RMP&PracticeID=2&SelectedResultRowID=163,HONG KONG ADVENTIST HOSPITAL - STUBBS ROAD,"HONG KONG ADVENTIST HOSPITAL, 40 STUBBS RD, WAN CHAI DISTRICT, HONG KONG",36518888,22.26364,114.184172,Colorectal Cancer Screening Programme (CRCSP); Elderly Health Care Voucher Scheme (HCVS); Vaccination Subsidy Scheme
"ZHANG, HELEN HENGMEN",https://apps.pcdirectory.gov.hk/Public/EN/SearchResult/ToViewDetails?DPID=10029726&ProfID=RMP&PracticeID=1&SelectedResultRowID=188,Trinity Medical Centre,"22/F, ENTERTAINMENT BUILDING, 30 QUEEN'S ROAD CENTRAL, CENTRAL, CENTRAL & WESTERN DISTRICT, HONG KONG",21927022,22.28145,114.1564,
"PANG, HENRY",https://apps.pcdirectory.gov.hk/Public/EN/SearchResult/ToViewDetails?DPID=00177842&ProfID=RMP&PracticeID=3&SelectedResultRowID=121,Trinity Medical Centre CWB,"20/F, EMPEROR WATCH AND JEWELLERY CENTRE, 8 RUSSELL ST, CAUSEWAY BAY, WAN CHAI DISTRICT, HONG KONG",21927022,22.27873,114.181815,Chronic Disease Co-Care Scheme; Elderly Health Care Voucher Scheme (HCVS); Vaccination Subsidy Scheme
"CHOI, YU SZE CISSY",https://apps.pcdirectory.gov.hk/Public/EN/SearchResult/ToViewDetails?DPID=10814339&ProfID=RMP&PracticeID=3&SelectedResultRowID=33,Trinity Medical Centre CWB,"20/F, EMPEROR WATCH AND JEWELLERY CENTRE, 8 RUSSELL ST, CAUSEWAY BAY, WAN CHAI DISTRICT, HONG KONG",21927022,22.27873,114.181815,Vaccination Subsidy Scheme
"CHOI, YU SZE CISSY",https://apps.pcdirectory.gov.hk/Public/EN/SearchResult/ToViewDetails?DPID=10814339&ProfID=RMP&PracticeID=4&SelectedResultRowID=34,Trinity Medical Centre Limited (Central 22B),"RM B, 22/F, ENTERTAINMENT BUILDING, 30 QUEEN'S RD C, CENTRAL, CENTRAL & WESTERN DISTRICT, HONG KONG",21970122,22.2815,114.156451,Vaccination Subsidy Scheme
"CHAN, MAN HAY",https://apps.pcdirectory.gov.hk/Public/EN/SearchResult/ToViewDetails?DPID=00442426&ProfID=RMP&PracticeID=1&SelectedResultRowID=7,Canossa Hospital (Caritas),"CANOSSA HOSPITAL, 1 OLD PEAK ROAD, MID-LEVELS, CENTRAL & WESTERN DISTRICT, HONG KONG",25222181,22.27742,114.15383,Chronic Disease Co-Care Scheme; Elderly Health Care Voucher Scheme (HCVS)
"CHEUNG, WING KEE",https://apps.pcdirectory.gov.hk/Public/EN/SearchResult/ToViewDetails?DPID=00562926&ProfID=RMP&PracticeID=1&SelectedResultRowID=24,Matilda International Hospital,"MATILDA INTERNATIONAL HOSPITAL, 41 MOUNT KELLETT ROAD, THE PEAK, CENTRAL & WESTERN DISTRICT, HONG KONG",28491500,22.25885,114.14918,
"CHEUNG, KAR CHUN PATRICK",https://apps.pcdirectory.gov.hk/Public/EN/SearchResult/ToViewDetails?DPID=10029613&ProfID=RMP&PracticeID=1&SelectedResultRowID=23,Matilda Medical Centre,"3/F, PROSPERITY TOWER, 39 QUEEN'S ROAD CENTRAL, CENTRAL, CENTRAL & WESTERN DISTRICT, HONG KONG",25378500,22.28258,114.15623,
"LEE, HELEN PUI YAN",https://apps.pcdirectory.gov.hk/Public/EN/SearchResult/ToViewDetails?DPID=10028698&ProfID=RMP&PracticeID=1&SelectedResultRowID=105,Matilda Medical Centre,"3/F, PROSPERITY TOWER, 39 QUEEN'S ROAD CENTRAL, CENTRAL, CENTRAL & WESTERN DISTRICT, HONG KONG",25378500,22.28258,114.15623,
"TANG, KAM LEUNG",https://apps.pcdirectory.gov.hk/Public/EN/SearchResult/ToViewDetails?DPID=00448239&ProfID=RMP&PracticeID=1&SelectedResultRowID=134,Canossa Hospital (Caritas) Outpatient (Doctor-in-charge for Post-crisis Voluntary Free Medical Consultation),"CANOSSA HOSPITAL, 1 OLD PEAK ROAD, CENTRAL & WESTERN DISTRICT, HONG KONG",25222181,22.27742,114.15383,Chronic Disease Co-Care Scheme; Elderly Health Care Voucher Scheme (HCVS)
"MAURELLET, JUAN-DOMINGO",https://apps.pcdirectory.gov.hk/Public/EN/SearchResult/ToViewDetails?DPID=00131985&ProfID=RMP&PracticeID=2&SelectedResultRowID=120,DR VIO & PARTNERS (CENTRAL),"UNIT 1006-7, 10/F, WORLD WIDE HSE, 19 DES VOEUX RD C, CENTRAL, CENTRAL & WESTERN DISTRICT, HONG KONG",28902222,22.282575,114.15778,Elderly Health Care Voucher Scheme (HCVS); Vaccination Subsidy Scheme
"AU, ELEANOR WINI",https://apps.pcdirectory.gov.hk/Public/EN/SearchResult/ToViewDetails?DPID=00241139&ProfID=RMP&PracticeID=1&SelectedResultRowID=1,Matilda Medical Centre,"3/F, PROSPERITY TOWER, 39 QUEEN'S ROAD CENTRAL, CENTRAL, CENTRAL & WESTERN DISTRICT, HONG KONG",25378500,22.28258,114.15623,
"LAI, YUEN LEE EDITH",https://apps.pcdirectory.gov.hk/Public/EN/SearchResult/ToViewDetails?DPID=00372326&ProfID=RMP&PracticeID=2&SelectedResultRowID=92,Canossa Hospital (Caritas),"CANOSSA HOSPITAL, 1 OLD PEAK ROAD, MID-LEVELS, CENTRAL & WESTERN DISTRICT, HONG KONG",28255805,22.27742,114.15383,Chronic Disease Co-Care Scheme; Elderly Health Care Voucher Scheme (HCVS)
"WU, CHI HO BOSCO",https://apps.pcdirectory.gov.hk/Public/EN/SearchResult/ToViewDetails?DPID=00441956&ProfID=RMP&PracticeID=1&SelectedResultRowID=166,Canossa Hospital (Caritas),"CANOSSA HOSPITAL, 1 OLD PEAK ROAD, MID-LEVELS, CENTRAL & WESTERN DISTRICT, HONG KONG",28255805,22.27742,114.15383,Chronic Disease Co-Care Scheme; Elderly Health Care Voucher Scheme (HCVS)
"LEE, I",https://apps.pcdirectory.gov.hk/Public/EN/SearchResult/ToViewDetails?DPID=00443339&ProfID=RMP&PracticeID=1&SelectedResultRowID=106,Canossa Hospital (Caritas),"CANOSSA HOSPITAL, 1 OLD PEAK ROAD, MID-LEVELS, CENTRAL & WESTERN DISTRICT, HONG KONG",28255805,22.27742,114.15383,Chronic Disease Co-Care Scheme; Elderly Health Care Voucher Scheme (HCVS)
"WONG, TING TING",https://apps.pcdirectory.gov.hk/Public/EN/SearchResult/ToViewDetails?DPID=00637472&ProfID=RMP&PracticeID=1&SelectedResultRowID=164,Canossa Hospital (Caritas),"CANOSSA HOSPITAL, 1 OLD PEAK ROAD, MID-LEVELS, CENTRAL & WESTERN DISTRICT, HONG KONG",28255805,22.27742,114.15383,Chronic Disease Co-Care Scheme; Elderly Health Care Voucher Scheme (HCVS)
"LIAW, YOEK LENG",https://apps.pcdirectory.gov.hk/Public/EN/SearchResult/ToViewDetails?DPID=10022669&ProfID=RMP&PracticeID=1&SelectedResultRowID=119,LIFE CLINIC,"2/F, THE LOOP, 33 WELLINGTON STREET, CENTRAL, CENTRAL & WESTERN DISTRICT, HONG KONG",28818131,22.28199,114.15546,
"LEUNG, KWAN WAI AMAS",https://apps.pcdirectory.gov.hk/Public/EN/SearchResult/ToViewDetails?DPID=00856185&ProfID=RMP&PracticeID=2&SelectedResultRowID=113,UMP MEDICAL CENTRE (CENTRAL),"ROOM 1401-3, 14/F, WING ON HSE, 71 DES VOEUX RD C, CENTRAL, CENTRAL & WESTERN DISTRICT, HONG KONG",28401636,22.283893,114.156441,Chronic Disease Co-Care Scheme; Elderly Health Care Voucher Scheme (HCVS); Vaccination Subsidy Scheme
"HO, CHUNG LAM",https://apps.pcdirectory.gov.hk/Public/EN/SearchResult/ToViewDetails?DPID=00478598&ProfID=RMP&PracticeID=2&SelectedResultRowID=57,Matilda Medical Centre (Doctor-in-charge for Post-crisis Voluntary Free Medical Consultation),"3/F, PROSPERITY TOWER, 39 QUEEN'S ROAD CENTRAL, CENTRAL, CENTRAL & WESTERN DISTRICT, HONG KONG",25378500,22.28258,114.15623,
"CHAU, CHIN MAN",https://apps.pcdirectory.gov.hk/Public/EN/SearchResult/ToViewDetails?DPID=10026439&ProfID=RMP&PracticeID=1&SelectedResultRowID=17,Matilda International Hospital (Doctor-in-charge for Post-crisis Voluntary Free Medical Consultation),"MATILDA INTERNATIONAL HOSPITAL, 41 MOUNT KELLETT ROAD, THE PEAK, CENTRAL & WESTERN DISTRICT, HONG KONG",28491500,22.25885,114.14918,
"CHOW, SHE WAN SHARON",https://apps.pcdirectory.gov.hk/Public/EN/SearchResult/ToViewDetails?DPID=00374369&ProfID=RMP&PracticeID=1&SelectedResultRowID=35,C-Mer Dennis Lam & Partners Eye Center,"SUITE 1515, CENTRAL BUILDING, 3 PEDDER STREET, CENTRAL, CENTRAL & WESTERN DISTRICT, HONG KONG",38925089,22.28132,114.15729,Elderly Health Care Voucher Scheme (HCVS)
"CHAN, NIM TAK DOUGLAS",https://apps.pcdirectory.gov.hk/Public/EN/SearchResult/ToViewDetails?DPID=00706556&ProfID=RMP&PracticeID=2&SelectedResultRowID=8,GOOD HEALTH MEDICAL PRACTICES LIMITED(QUARRY BAY),"G/F, 1024A KING'S RD, QUARRY BAY, EASTERN DISTRICT, HONG KONG",25645566,22.28475,114.211769,Chronic Disease Co-Care Scheme; Colorectal Cancer Screening Programme (CRCSP); Elderly Health Care Voucher Scheme (HCVS); Vaccination Subsidy Scheme
"LAM, SEE YUI",https://apps.pcdirectory.gov.hk/Public/EN/SearchResult/ToViewDetails?DPID=00200069&ProfID=RMP&PracticeID=1&SelectedResultRowID=93,DR. LAM SEE YUI JOSEPH,"RM 2409, 24/F, C C WU BUILDING, 302-308 HENNESSY RD, WAN CHAI, WAN CHAI DISTRICT, HONG KONG",25988673,22.278062,114.17773,Chronic Disease Co-Care Scheme; Colorectal Cancer Screening Programme (CRCSP); Elderly Health Care Voucher Scheme (HCVS); Residential Care Home Vaccination Programme (RVP); Vaccination Subsidy Scheme
"CHAN, YIN CHIU",https://apps.pcdirectory.gov.hk/Public/EN/SearchResult/ToViewDetails?DPID=00508772&ProfID=RMP&PracticeID=1&SelectedResultRowID=4,UCN JORDAN HEALTH CENTRE,"13/F, SINO CHEER PLAZA, 23 JORDAN RD, YAU TSIM MONG DISTRICT, KOWLOON",27837628,22.305460,114.170810,Breast Cancer Screening Pilot Programme Phase II; Chronic Disease Co-Care Scheme; Colorectal Cancer Screening Programme (CRCSP); Elderly Health Care Voucher Scheme (HCVS); Vaccination Subsidy Scheme
"IP, PUI SEUNG, SHIRLEY",https://apps.pcdirectory.gov.hk/Public/EN/SearchResult/ToViewDetails?DPID=00008213&ProfID=RMP&PracticeID=1&SelectedResultRowID=17,"DR IP PUI SEUNG, SHIRLEY","RM 403B, 4/F, NATHAN CENTRE, 580G-580K NATHAN RD, MONG KOK, YAU TSIM MONG DISTRICT, KOWLOON",21915050,22.315845,114.170333,Chronic Disease Co-Care Scheme; Colorectal Cancer Screening Programme (CRCSP); Elderly Health Care Voucher Scheme (HCVS); Vaccination Subsidy Scheme
"WONG, YUET HOI",https://apps.pcdirectory.gov.hk/Public/EN/SearchResult/ToViewDetails?DPID=10314872&ProfID=RMP&PracticeID=1&SelectedResultRowID=42,UMP MEDICAL CENTRE (TSIM SHA TSUI),"RM 1007, 10/F, WING ON PLAZA, 62 MODY RD, TSIM SHA TSUI EAST, YAU TSIM MONG DISTRICT, KOWLOON",23699536,22.296619,114.176419,Chronic Disease Co-Care Scheme; Colorectal Cancer Screening Programme (CRCSP); Elderly Health Care Voucher Scheme (HCVS); Vaccination Subsidy Scheme
"WONG, YUET HOI",https://apps.pcdirectory.gov.hk/Public/EN/SearchResult/ToViewDetails?DPID=10314872&ProfID=RMP&PracticeID=2&SelectedResultRowID=43,UMP MEDICAL CENTRE (KOWLOON BAY),"SHOP F, G/F, TAK BO GARDEN, 3 NGAU TAU KOK RD, KWUN TONG DISTRICT, KOWLOON",27519339,22.327202,114.214670,Chronic Disease Co-Care Scheme; Elderly Health Care Voucher Scheme (HCVS); Vaccination Subsidy Scheme
"FUNG, KIT YAN",https://apps.pcdirectory.gov.hk/Public/EN/SearchResult/ToViewDetails?DPID=00345142&ProfID=RMP&PracticeID=2&SelectedResultRowID=15,UMP MEDICAL CENTRE (JORDAN),"ROOM 03-04, 15/F, 238 NATHAN RD, JORDAN, YAU TSIM MONG DISTRICT, KOWLOON",35496833,22.304819,114.171935,Chronic Disease Co-Care Scheme; Colorectal Cancer Screening Programme (CRCSP); Elderly Health Care Voucher Scheme (HCVS); Vaccination Subsidy Scheme
"LAM, YEE MAN JUDY",https://apps.pcdirectory.gov.hk/Public/EN/SearchResult/ToViewDetails?DPID=00336826&ProfID=RMP&PracticeID=2&SelectedResultRowID=23,UMP MEDICAL CENTRE (JORDAN),"ROOM 03-04, 15/F, 238 NATHAN RD, JORDAN, YAU TSIM MONG DISTRICT, KOWLOON",35496833,22.304819,114.171935,Chronic Disease Co-Care Scheme; Colorectal Cancer Screening Programme (CRCSP); Elderly Health Care Voucher Scheme (HCVS); Seasonal Influenza Vaccination School Outreach Programme (SIVSOP); Vaccination Subsidy Scheme
"LAM, CHUK SAU LETTY",https://apps.pcdirectory.gov.hk/Public/EN/SearchResult/ToViewDetails?DPID=00246698&ProfID=RMP&PracticeID=1&SelectedResultRowID=22,UMP Medical Centre (Olympian),"SHOP 11, G/F, OLYMPIAN CITY 3, 1 HOI WANG RD, WEST KOWLOON, YAU TSIM MONG DISTRICT, KOWLOON",27404319,22.317686,114.164578,Chronic Disease Co-Care Scheme; Colorectal Cancer Screening Programme (CRCSP); Elderly Health Care Voucher Scheme (HCVS); Vaccination Subsidy Scheme
"WONG, CHI TING",https://apps.pcdirectory.gov.hk/Public/EN/SearchResult/ToViewDetails?DPID=00049272&ProfID=RMP&PracticeID=1&SelectedResultRowID=38,PRIORITY HEALTH INTEGRATED MEDICAL CENTRE LIMITED,"SHOP A202, 2/F, CHING LONG SHOPPING CENTRE ZONE A, 28 SHING KAI ROAD, KAI TAK, KOWLOON CITY DISTRICT, KOWLOON",28822022,22.331511,114.203092,Chronic Disease Co-Care Scheme; Elderly Health Care Voucher Scheme (HCVS); Vaccination Subsidy Scheme
"HO, WING YAN OLIVIA",https://apps.pcdirectory.gov.hk/Public/EN/SearchResult/ToViewDetails?DPID=10209969&ProfID=RMP&PracticeID=1&SelectedResultRowID=16,Ultra Medical Care,"FLAT 1518, 15/F, OCEAN CENTRE, HARBOUR CITY, 5 CANTON ROAD, TSIM SHA TSUI, YAU TSIM MONG DISTRICT, KOWLOON",35853198,22.296,114.16867,Colorectal Cancer Screening Programme (CRCSP); Elderly Health Care Voucher Scheme (HCVS)
"LI, SHUN CHEONG",https://apps.pcdirectory.gov.hk/Public/EN/SearchResult/ToViewDetails?DPID=00102198&ProfID=RMP&PracticeID=1&SelectedResultRowID=30,PRO HEALTH POLYCLINIC,"ROOM 1001, 10/F, ENTREPOT CENTRE, 117 HOW MING ST, KWUN TONG DISTRICT, KOWLOON",23476888,22.311532,114.224799,Chronic Disease Co-Care Scheme; Colorectal Cancer Screening Programme (CRCSP); Elderly Health Care Voucher Scheme (HCVS); Residential Care Home Vaccination Programme (RVP); Seasonal Influenza Vaccination School Outreach Programme (SIVSOP); Vaccination Subsidy Scheme
"LI, SHUN CHEONG",https://apps.pcdirectory.gov.hk/Public/EN/SearchResult/ToViewDetails?DPID=00102198&ProfID=RMP&PracticeID=2&SelectedResultRowID=31,DR LI MEDICAL CENTRE (CHOI HUNG),"UNIT 10, G/F, KAM PIK HOUSE, CHOI HUNG ESTATE, 8 LUK LAU AVE, WONG TAI SIN DISTRICT, KOWLOON",27161888,22.334943,114.205645,Chronic Disease Co-Care Scheme; Colorectal Cancer Screening Programme (CRCSP); Elderly Health Care Voucher Scheme (HCVS); Residential Care Home Vaccination Programme (RVP); Seasonal Influenza Vaccination School Outreach Programme (SIVSOP); Vaccination Subsidy Scheme
"CHIU, KAREN HIU CHING",https://apps.pcdirectory.gov.hk/Public/EN/SearchResult/ToViewDetails?DPID=00681500&ProfID=RMP&PracticeID=1&SelectedResultRowID=8,UMP+ Medical Centre (N26),"ROOM A, 2/F, 26 NATHAN ROAD, TSIM SHA TSUI, YAU TSIM MONG DISTRICT, KOWLOON",39743833,22.295906,114.172518,Chronic Disease Co-Care Scheme; Elderly Health Care Voucher Scheme (HCVS); Vaccination Subsidy Scheme
"CHU, GARY",https://apps.pcdirectory.gov.hk/Public/EN/SearchResult/ToViewDetails?DPID=00447542&ProfID=RMP&PracticeID=2&SelectedResultRowID=10,CHC GROUP MEDICAL PRACTICE (TSIM SHA TSUI),"14/F, ASHLEY NINE, 9-11 ASHLEY RD, TSIM SHA TSUI, YAU TSIM MONG DISTRICT, KOWLOON",23940118,22.296745,114.170383,Colorectal Cancer Screening Programme (CRCSP); Elderly Health Care Voucher Scheme (HCVS); Seasonal Influenza Vaccination School Outreach Programme (SIVSOP); Vaccination Subsidy Scheme
"LAI, HING HUI BRENDAN",https://apps.pcdirectory.gov.hk/Public/EN/SearchResult/ToViewDetails?DPID=00501942&ProfID=RMP&PracticeID=2&SelectedResultRowID=21,UMP+ Medical Centre (N26),"ROOM A, 2/F, 26 NATHAN ROAD, TSIM SHA TSUI, YAU TSIM MONG DISTRICT, KOWLOON",39743833,22.295906,114.172518,Elderly Health Care Voucher Scheme (HCVS); Vaccination Subsidy Scheme
"CHENG, PUI LAM",https://apps.pcdirectory.gov.hk/Public/EN/SearchResult/ToViewDetails?DPID=00060642&ProfID=RMP&PracticeID=2&SelectedResultRowID=7,Virtus Orthopaedic Centre,"SHOP A, 1/F, HK PACIFIC CENTRE, 28 HANKOW RD, YAU TSIM MONG DISTRICT, KOWLOON",27831010,22.297088,114.171218,Elderly Health Care Voucher Scheme (HCVS); Vaccination Subsidy Scheme
"YIP, TING FUNG (YIP, XAVIER)",https://apps.pcdirectory.gov.hk/Public/EN/SearchResult/ToViewDetails?DPID=00194900&ProfID=RMP&PracticeID=2&SelectedResultRowID=47,Kone Medical Centre,"G/F, 17A YIM PO FONG STREET, MONG KOK, YAU TSIM MONG DISTRICT, KOWLOON",62720107,22.31947,114.17263,
"YAU, LAI MO",https://apps.pcdirectory.gov.hk/Public/EN/SearchResult/ToViewDetails?DPID=00178869&ProfID=RMP&PracticeID=1&SelectedResultRowID=45,PRIME FAMILY HEALTH LIMITED,"G/F, 30 PITT ST, YAU MA TEI, YAU TSIM MONG DISTRICT, KOWLOON",23840999,,,Chronic Disease Co-Care Scheme; Colorectal Cancer Screening Programme (CRCSP); Elderly Health Care Voucher Scheme (HCVS); Seasonal Influenza Vaccination School Outreach Programme (SIVSOP); Vaccination Subsidy Scheme
"NG, CHI CHUNG",https://apps.pcdirectory.gov.hk/Public/EN/SearchResult/ToViewDetails?DPID=00753756&ProfID=RMP&PracticeID=1&SelectedResultRowID=32,Precious Blood Hospital (Caritas),"1/F, PRECIOUS BLOOD HOSPITAL, 113 CASTLE PEAK ROAD, SHAM SHUI PO, SHAM SHUI PO DISTRICT, KOWLOON",39719903,22.33392,114.16167,Chronic Disease Co-Care Scheme; Colorectal Cancer Screening Programme (CRCSP); Elderly Health Care Voucher Scheme (HCVS)
"NG, CHUN BOR",https://apps.pcdirectory.gov.hk/Public/EN/SearchResult/ToViewDetails?DPID=00304400&ProfID=RMP&PracticeID=6&SelectedResultRowID=33,Evangel Hospital (Doctor-in-charge for Post-crisis Voluntary Free Medical Consultation),"EVANGEL HOSPITAL, 222 ARGYLE STREET, KOWLOON CITY, KOWLOON CITY DISTRICT, KOWLOON",59901934,22.32529,114.18682,
"WU, LAP CHI",https://apps.pcdirectory.gov.hk/Public/EN/SearchResult/ToViewDetails?DPID=00503656&ProfID=RMP&PracticeID=1&SelectedResultRowID=44,DR. WU LAP CHI,"SHOP G15, G/F, SITE 11, TREASURE WORLD, WHAMPOA GARDEN, 7 TAK ON ST, WHAMPOA, KOWLOON CITY DISTRICT, KOWLOON",66538979,22.305008,114.190753,Chronic Disease Co-Care Scheme; Colorectal Cancer Screening Programme (CRCSP); Elderly Health Care Voucher Scheme (HCVS); Vaccination Subsidy Scheme
"KWOK, HIU FUNG",https://apps.pcdirectory.gov.hk/Public/EN/SearchResult/ToViewDetails?DPID=00074413&ProfID=RMP&PracticeID=2&SelectedResultRowID=20,Initial Health Limited,"SHOP 10, G/F, ONE KAI TAK (II), 8 MUK NING ST, KOWLOON CITY, KOWLOON CITY DISTRICT, KOWLOON",23263626,22.329236,114.200005,Colorectal Cancer Screening Programme (CRCSP); Elderly Health Care Voucher Scheme (HCVS); Vaccination Subsidy Scheme
"KONG, JAMES CHUN WAI",https://apps.pcdirectory.gov.hk/Public/EN/SearchResult/ToViewDetails?DPID=00553939&ProfID=RMP&PracticeID=4&SelectedResultRowID=18,HEALTH WISE MEDICAL GROUP LIMITED,"SHOP B-1, G/F, MEI FOO SUN CHUEN STAGE V, 6 NASSAU ST, MEI FOO, SHAM SHUI PO DISTRICT, KOWLOON",27432132,22.338551,114.138483,Colorectal Cancer Screening Programme (CRCSP); Elderly Health Care Voucher Scheme (HCVS); Residential Care Home Vaccination Programme (RVP); Seasonal Influenza Vaccination School Outreach Programme (SIVSOP); Vaccination Subsidy Scheme
"CHUI, KA LUN KELLEN",https://apps.pcdirectory.gov.hk/Public/EN/SearchResult/ToViewDetails?DPID=00681942&ProfID=RMP&PracticeID=2&SelectedResultRowID=11,Chui Ka Lun,"ROOM 709-710, 7/F, T.O.P THIS IS OUR PLACE, 700 NATHAN ROAD, MONG KOK, YAU TSIM MONG DISTRICT, KOWLOON",68826102,22.3206,114.16942,
"LI, PING WAI",https://apps.pcdirectory.gov.hk/Public/EN/SearchResult/ToViewDetails?DPID=00053813&ProfID=RMP&PracticeID=2&SelectedResultRowID=29,BRADBURY KWONG TIN COMMUNITY HEALTH CENTRE,"SHOP 203, 2/F, KWONG TIN SHOPPING CENTRE, KWONG TIN ESTATE, 168 PIK WAN RD, LAM TIN, KWUN TONG DISTRICT, KOWLOON",23403022,22.302749,114.239955,Chronic Disease Co-Care Scheme; Colorectal Cancer Screening Programme (CRCSP); Elderly Health Care Voucher Scheme (HCVS); Vaccination Subsidy Scheme
"KOO, THOMAS HIM",https://apps.pcdirectory.gov.hk/Public/EN/SearchResult/ToViewDetails?DPID=00502856&ProfID=RMP&PracticeID=1&SelectedResultRowID=19,JOCKEY CLUB WO LOK COMMUNITY HEALTH CENTRE,"UNIT 26-33, G/F, KUI ON HOUSE, WO LOK ESTATE, , KWUN TONG, KWUN TONG DISTRICT, KOWLOON",23443444,22.316651,114.22779,Breast Cancer Screening Pilot Programme Phase II; Chronic Disease Co-Care Scheme; Colorectal Cancer Screening Programme (CRCSP); Elderly Health Care Voucher Scheme (HCVS); Vaccination Subsidy Scheme
"TANG, JOYCE SHAO FEN",https://apps.pcdirectory.gov.hk/Public/EN/SearchResult/ToViewDetails?DPID=00502742&ProfID=RMP&PracticeID=2&SelectedResultRowID=36,UCN JORDAN HEALTH CENTRE,"13/F, SINO CHEER PLAZA, 23 JORDAN RD, YAU TSIM MONG DISTRICT, KOWLOON",27837628,22.305460,114.170810,Breast Cancer Screening Pilot Programme Phase II; Colorectal Cancer Screening Programme (CRCSP); Elderly Health Care Voucher Scheme (HCVS); Vaccination Subsidy Scheme
"CHUI, YAN YEE",https://apps.pcdirectory.gov.hk/Public/EN/SearchResult/ToViewDetails?DPID=10515526&ProfID=RMP&PracticeID=3&SelectedResultRowID=13,UCN JORDAN HEALTH CENTRE,"13/F, SINO CHEER PLAZA, 23 JORDAN RD, YAU TSIM MONG DISTRICT, KOWLOON",27708365,22.305460,114.170810,Breast Cancer Screening Pilot Programme Phase II; Chronic Disease Co-Care Scheme; Colorectal Cancer Screening Programme (CRCSP); Elderly Health Care Voucher Scheme (HCVS); Vaccination Subsidy Scheme
"CHOW, PUI YIN MELODY",https://apps.pcdirectory.gov.hk/Public/EN/SearchResult/ToViewDetails?DPID=10418556&ProfID=RMP&PracticeID=6&SelectedResultRowID=9,Holistic Wellness Medical Centre,"UNIT 2301B, 23/F, CROCODILE CENTER, 79 HOI YUEN RD, KWUN TONG DISTRICT, KOWLOON",31881528,22.311649,114.225595,Breast Cancer Screening Pilot Programme Phase II; Chronic Disease Co-Care Scheme; Colorectal Cancer Screening Programme (CRCSP); Elderly Health Care Voucher Scheme (HCVS); Vaccination Subsidy Scheme
"CHAN, KWAN TSZ",https://apps.pcdirectory.gov.hk/Public/EN/SearchResult/ToViewDetails?DPID=00253300&ProfID=RMP&PracticeID=1&SelectedResultRowID=1,Precious Blood Hospital (Caritas),"PRECIOUS BLOOD HOSPITAL, 113 CASTLE PEAK ROAD, SHAM SHUI PO, SHAM SHUI PO DISTRICT, KOWLOON",39719900,22.33392,114.16167,Chronic Disease Co-Care Scheme; Elderly Health Care Voucher Scheme (HCVS)
"TSUI, WING HANG",https://apps.pcdirectory.gov.hk/Public/EN/SearchResult/ToViewDetails?DPID=00864585&ProfID=RMP&PracticeID=1&SelectedResultRowID=37,Trinity Medical Centre,"ROOM 1501-2A, 15TH FLOOR, TOWER 5, CHINA HONG KONG CITY, 33 CANTON ROAD, YAU TSIM MONG DISTRICT, KOWLOON",21927022,22.30086,114.16783,Elderly Health Care Voucher Scheme (HCVS)
"PANG, HENRY",https://apps.pcdirectory.gov.hk/Public/EN/SearchResult/ToViewDetails?DPID=00177842&ProfID=RMP&PracticeID=2&SelectedResultRowID=34,Trinity Medical Centre Limited,"ROOM 1501-2A, 15/F, TOWER 5, CHINA HONG KONG CITY, 33 CANTON RD, TSIM SHA TSUI, YAU TSIM MONG DISTRICT, KOWLOON",21927022,,,Chronic Disease Co-Care Scheme; Elderly Health Care Voucher Scheme (HCVS); Residential Care Home Vaccination Programme (RVP); Vaccination Subsidy Scheme
"CHAN, LAU KUEN",https://apps.pcdirectory.gov.hk/Public/EN/SearchResult/ToViewDetails?DPID=00681839&ProfID=RMP&PracticeID=1&SelectedResultRowID=2,BETHEL MEDICAL LIMITED,"RM 1423, 14/F, OCEAN CENTRE, HARBOUR CITY, 5 CANTON RD, TSIM SHA TSUI, YAU TSIM MONG DISTRICT, KOWLOON",23689232,22.295987,114.168442,Elderly Health Care Voucher Scheme (HCVS); Vaccination Subsidy Scheme
"LEE, KIN YAN",https://apps.pcdirectory.gov.hk/Public/EN/SearchResult/ToViewDetails?DPID=00768339&ProfID=RMP&PracticeID=1&SelectedResultRowID=26,PRECIOUS BLOOD HOSPITAL (CARITAS),"1/F, PRECIOUS BLOOD HOSPITAL, 113 CASTLE PEAK ROAD, SHAM SHUI PO DISTRICT, KOWLOON",39719980,22.33392,114.16167,
"WONG, WAI ON",https://apps.pcdirectory.gov.hk/Public/EN/SearchResult/ToViewDetails?DPID=00343972&ProfID=RMP&PracticeID=6&SelectedResultRowID=40,Precious Blood Hospital (Caritas) Out-patient Department (Doctor-in-charge for Post-crisis Voluntary Free Medical Consultation),"1/F, PRECIOUS BLOOD HOSPITAL, 113 CASTLE PEAK ROAD, SHAM SHUI PO, SHAM SHUI PO DISTRICT, KOWLOON",60679803,22.33392,114.16167,
"WONG, MING SHUN (WONG, JASON)",https://apps.pcdirectory.gov.hk/Public/EN/SearchResult/ToViewDetails?DPID=00310100&ProfID=RMP&PracticeID=2&SelectedResultRowID=39,Evangel Hospital (Doctor-in-charge for Post-crisis Voluntary Free Medical Consultation),"EVANGEL HOSPITAL, 222 ARGYLE STREET, KOWLOON CITY DISTRICT, KOWLOON",59901934,22.32529,114.18682,
"CHEN, HING HAN",https://apps.pcdirectory.gov.hk/Public/EN/SearchResult/ToViewDetails?DPID=00390298&ProfID=RMP&PracticeID=2&SelectedResultRowID=6,Evangel Hospital (Doctor-in-charge for Post-crisis Voluntary Free Medical Consultation),"EVANGEL HOSPITAL, 222 ARGYLE STREET, KOWLOON CITY DISTRICT, KOWLOON",59901934,22.32529,114.18682,
"CHANG, KA FAI",https://apps.pcdirectory.gov.hk/Public/EN/SearchResult/ToViewDetails?DPID=00013769&ProfID=RMP&PracticeID=2&SelectedResultRowID=5,Evangel Hospital (Doctor-in-charge for Post-crisis Voluntary Free Medical Consultation),"EVANGEL HOSPITAL, 222 ARGYLE STREET, KOWLOON CITY DISTRICT, KOWLOON",59901934,22.32529,114.18682,
"LAU, TAI WAI",https://apps.pcdirectory.gov.hk/Public/EN/SearchResult/ToViewDetails?DPID=00253185&ProfID=RMP&PracticeID=2&SelectedResultRowID=24,Evangel Hospital (Doctor-in-charge for Post-crisis Voluntary Free Medical Consultation),"EVANGEL HOSPITAL, 222 ARGYLE STREET, KOWLOON CITY DISTRICT, KOWLOON",59901934,22.32529,114.18682,
"CHUI, SIU HANG, BILLY",https://apps.pcdirectory.gov.hk/Public/EN/SearchResult/ToViewDetails?DPID=00151900&ProfID=RMP&PracticeID=2&SelectedResultRowID=12,Evangel Hospital (Doctor-in-charge for Post-crisis Voluntary Free Medical Consultation),"EVANGEL HOSPITAL, 222 ARGYLE STREET, KOWLOON CITY DISTRICT, KOWLOON",59901934,22.32529,114.18682,
"LEUNG, KWAN WAI AMAS",https://apps.pcdirectory.gov.hk/Public/EN/SearchResult/ToViewDetails?DPID=00856185&ProfID=RMP&PracticeID=1&SelectedResultRowID=27,UMP MEDICAL CENTRE (KOWLOON BAY),"SHOP F, G/F, TAK BO GARDEN, 3 NGAU TAU KOK RD, KWUN TONG DISTRICT, KOWLOON",27519339,22.327202,114.21467,Chronic Disease Co-Care Scheme; Colorectal Cancer Screening Programme (CRCSP); Elderly Health Care Voucher Scheme (HCVS); Seasonal Influenza Vaccination School Outreach Programme (SIVSOP); Vaccination Subsidy Scheme
"YEUNG, WING KIN",https://apps.pcdirectory.gov.hk/Public/EN/SearchResult/ToViewDetails?DPID=00842742&ProfID=RMP&PracticeID=1&SelectedResultRowID=46,WING YEUNG MEDICAL CENTRE,"SHOP 71, G/F, MANOR CENTRE, 218 FUK WING STREET, SHAM SHUI PO, SHAM SHUI PO DISTRICT, KOWLOON",27288391,22.334356,114.159936,Elderly Health Care Voucher Scheme (HCVS); Vaccination Subsidy Scheme
"CHUNG, JOHN TZE NANG",https://apps.pcdirectory.gov.hk/Public/EN/SearchResult/ToViewDetails?DPID=00010813&ProfID=RMP&PracticeID=3&SelectedResultRowID=14,JOCKEY CLUB WO LOK COMMUNITY HEALTH CENTRE,"UNIT 26-33, G/F, KUI ON HOUSE, WO LOK ESTATE, , KWUN TONG, KWUN TONG DISTRICT, KOWLOON",23443444,22.316651,114.22779,Breast Cancer Screening Pilot Programme Phase II; Chronic Disease Co-Care Scheme; Colorectal Cancer Screening Programme (CRCSP); Elderly Health Care Voucher Scheme (HCVS); Vaccination Subsidy Scheme
"LAU, WING SEE",https://apps.pcdirectory.gov.hk/Public/EN/SearchResult/ToViewDetails?DPID=00535072&ProfID=RMP&PracticeID=1&SelectedResultRowID=25,JOCKEY CLUB WO LOK COMMUNITY HEALTH CENTRE,"UNIT 26-33, G/F, KUI ON HOUSE, WO LOK ESTATE, , KWUN TONG, KWUN TONG DISTRICT, KOWLOON",23443444,22.316651,114.22779,Breast Cancer Screening Pilot Programme Phase II; Chronic Disease Co-Care Scheme; Colorectal Cancer Screening Programme (CRCSP); Elderly Health Care Voucher Scheme (HCVS); Vaccination Subsidy Scheme
"PONG, CHIU FAI",https://apps.pcdirectory.gov.hk/Public/EN/SearchResult/ToViewDetails?DPID=00279798&ProfID=RMP&PracticeID=7&SelectedResultRowID=35,Million Wealth Asia Pacific Limited,"ROOM 1425B, 14/F, ARGYLE CENTRE PHASE 1, 688 NATHAN ROAD, MONG KOK, YAU TSIM MONG DISTRICT, KOWLOON",28828064,22.32013,114.16959,Elderly Health Care Voucher Scheme (HCVS)
"WONG, WING CHEONG BEN",https://apps.pcdirectory.gov.hk/Public/EN/SearchResult/ToViewDetails?DPID=00804413&ProfID=RMP&PracticeID=1&SelectedResultRowID=41,Eye and Oculoplastic Centre,"ROOM 1906, 19/F, ARGYLE CENTRE PHASE 1, 688 NATHAN ROAD, MONG KOK, YAU TSIM MONG DISTRICT, KOWLOON",23911000,22.32013,114.16959,Elderly Health Care Voucher Scheme (HCVS)
"LEUNG, KWONG CHUEN",https://apps.pcdirectory.gov.hk/Public/EN/SearchResult/ToViewDetails?DPID=00632572&ProfID=RMP&PracticeID=1&SelectedResultRowID=28,AMO Oncology Centre,"SUITE 1311-1312, OCEAN CENTRE, HARBOUR CITY, 5 CANTON ROAD, TSIM SHA TSUI, YAU TSIM MONG DISTRICT, KOWLOON",27882128,22.296,114.16867,Elderly Health Care Voucher Scheme (HCVS)
"CHAN, YIM FUNG",https://apps.pcdirectory.gov.hk/Public/EN/SearchResult/ToViewDetails?DPID=00215085&ProfID=RMP&PracticeID=3&SelectedResultRowID=3,UNICARE MEDICAL CENTRE (TO KWA WAN) COMPANY LIMITED,"SHOP B, G/F, 93 PAU CHUNG ST, 30 SAN SHAN ROAD, TO KWA WAN, KOWLOON CITY DISTRICT, KOWLOON",26338300,22.320757,114.189162,Colorectal Cancer Screening Programme (CRCSP); Vaccination Subsidy Scheme
"CHAN, WAI CHUNG VIRGINIA",https://apps.pcdirectory.gov.hk/Public/EN/SearchResult/ToViewDetails?DPID=00313500&ProfID=RMP&PracticeID=1&SelectedResultRowID=4,JOCKEY CLUB TIN SHUI WAI COMMUNITY HEALTH CENTRE,"FLAT 103, 1/F, TIN CHING AMENITY AND COMMUNITY BUILDING, TIN CHING ESTATE, , TIN SHUI WAI, YUEN LONG DISTRICT, NEW TERRITORIES",31569000,22.463233,114.004583,Breast Cancer Screening Pilot Programme Phase II; Chronic Disease Co-Care Scheme; Colorectal Cancer Screening Programme (CRCSP); Elderly Health Care Voucher Scheme (HCVS); Vaccination Subsidy Scheme
"LAW, KIN WAH ALBERT",https://apps.pcdirectory.gov.hk/Public/EN/SearchResult/ToViewDetails?DPID=00244642&ProfID=RMP&PracticeID=1&SelectedResultRowID=23,UMP Medical Centre (Tsing Yi On Tao),"UNIT 114, G/F, BLK 4, ON TAO HOUSE, CHEUNG ON ESTATE, 1 TAM KON SHAN RD TSING YI, KWAI TSING DISTRICT, NEW TERRITORIES",21491199,22.361122,114.102273,Chronic Disease Co-Care Scheme; Elderly Health Care Voucher Scheme (HCVS); Vaccination Subsidy Scheme
"CHEN, CHI HEUNG",https://apps.pcdirectory.gov.hk/Public/EN/SearchResult/ToViewDetails?DPID=00247839&ProfID=RMP&PracticeID=1&SelectedResultRowID=6,UMP MEDICAL CENTRE (PARK ISLAND),"G/F, 21 MA WAN MAIN STREET VILLAGE EAST MA WAN, MA WAN, TSUEN WAN DISTRICT, NEW TERRITORIES",29863880,22.351307,114.059069,Chronic Disease Co-Care Scheme; Colorectal Cancer Screening Programme (CRCSP); Elderly Health Care Voucher Scheme (HCVS); Seasonal Influenza Vaccination School Outreach Programme (SIVSOP); Vaccination Subsidy Scheme
"MOK, KWAN YEUNG",https://apps.pcdirectory.gov.hk/Public/EN/SearchResult/ToViewDetails?DPID=00903856&ProfID=RMP&PracticeID=2&SelectedResultRowID=30,123 VACCINATION CENTRE LIMITED,"SHOP 19, 2/F, PLAZA 88, 88 YEUNG UK ROAD, TSUEN WAN, TSUEN WAN DISTRICT, NEW TERRITORIES",23680123,22.367332,114.115774,Chronic Disease Co-Care Scheme; Colorectal Cancer Screening Programme (CRCSP); Elderly Health Care Voucher Scheme (HCVS); Residential Care Home Vaccination Programme (RVP); Seasonal Influenza Vaccination School Outreach Programme (SIVSOP); Vaccination Subsidy Scheme
"HO, KWONG CHI ANDREW",https://apps.pcdirectory.gov.hk/Public/EN/SearchResult/ToViewDetails?DPID=00248639&ProfID=RMP&PracticeID=1&SelectedResultRowID=17,UMP MEDICAL CENTRE (SHATIN),"SHOP 9, G/F, MING YIU LAU, JAT MIN CHUEN, 11 JAT MIN CHUEN ST, SHA TIN, SHA TIN DISTRICT, NEW TERRITORIES",26341812,22.377432,114.191962,Chronic Disease Co-Care Scheme; Colorectal Cancer Screening Programme (CRCSP); Elderly Health Care Voucher Scheme (HCVS); Vaccination Subsidy Scheme
"TSUI, SAU IN",https://apps.pcdirectory.gov.hk/Public/EN/SearchResult/ToViewDetails?DPID=00968372&ProfID=RMP&PracticeID=2&SelectedResultRowID=37,JOCKEY CLUB TIN SHUI WAI COMMUNITY HEALTH CENTRE,"FLAT 103, 1/F, TIN CHING AMENITY AND COMMUNITY BUILDING, TIN CHING ESTATE, , TIN SHUI WAI, YUEN LONG DISTRICT, NEW TERRITORIES",31569000,22.463233,114.004583,Breast Cancer Screening Pilot Programme Phase II; Colorectal Cancer Screening Programme (CRCSP); Elderly Health Care Voucher Scheme (HCVS); Vaccination Subsidy Scheme
"LAM, YIK TSZ",https://apps.pcdirectory.gov.hk/Public/EN/SearchResult/ToViewDetails?DPID=00023113&ProfID=RMP&PracticeID=1&SelectedResultRowID=22,MEDIHEART,"SHOP G58-G60, G/F, COME ON BUILDING, 387 CASTLE PEAK RD CASTLE PEAK BAY, TUEN MUN DISTRICT, NEW TERRITORIES",24408081,22.388839,113.980032,Chronic Disease Co-Care Scheme; Colorectal Cancer Screening Programme (CRCSP); Elderly Health Care Voucher Scheme (HCVS); Residential Care Home Vaccination Programme (RVP); Vaccination Subsidy Scheme
"WU, WING CHEUNG KENNETH",https://apps.pcdirectory.gov.hk/Public/EN/SearchResult/ToViewDetails?DPID=00373672&ProfID=RMP&PracticeID=1&SelectedResultRowID=41,UNION HOSPITAL,"UNION HOSPITAL, 18 FU KIN ST TAI WAI, SHA TIN DISTRICT, NEW TERRITORIES",26083355,22.36048,114.17527,Chronic Disease Co-Care Scheme; Elderly Health Care Voucher Scheme (HCVS); Vaccination Subsidy Scheme
"CHAN, CHI FUNG",https://apps.pcdirectory.gov.hk/Public/EN/SearchResult/ToViewDetails?DPID=00244756&ProfID=RMP&PracticeID=1&SelectedResultRowID=2,UMP MEDICAL CENTRE (TSUEN WAN),"G/F, 419 - 421 CASTLE PEAK RD TSUEN WAN, TSUEN WAN, TSUEN WAN DISTRICT, NEW TERRITORIES",29401338,22.374808,114.112314,Elderly Health Care Voucher Scheme (HCVS); Vaccination Subsidy Scheme
"CHUNG, CHIN HUNG",https://apps.pcdirectory.gov.hk/Public/EN/SearchResult/ToViewDetails?DPID=00240772&ProfID=RMP&PracticeID=1&SelectedResultRowID=14,UMP MEDICAL CENTRE (TSUEN WAN),"G/F, 419 - 421 CASTLE PEAK RD TSUEN WAN, TSUEN WAN, TSUEN WAN DISTRICT, NEW TERRITORIES",29401338,22.374808,114.112314,Elderly Health Care Voucher Scheme (HCVS); Vaccination Subsidy Scheme
"CHEUNG, SIU LUN",https://apps.pcdirectory.gov.hk/Public/EN/SearchResult/ToViewDetails?DPID=00755369&ProfID=RMP&PracticeID=1&SelectedResultRowID=9,HONG KONG ADVENTIST HOSPITAL - TSUEN WAN,"TSUEN WAN ADVENTIST HOSPITAL, 199 TSUEN KING CIRCUIT, TSUEN WAN DISTRICT, NEW TERRITORIES",22756688,22.37662,114.104701,Chronic Disease Co-Care Scheme; Colorectal Cancer Screening Programme (CRCSP); Elderly Health Care Voucher Scheme (HCVS)
"CHU, HO CHEUNG",https://apps.pcdirectory.gov.hk/Public/EN/SearchResult/ToViewDetails?DPID=00444800&ProfID=RMP&PracticeID=1&SelectedResultRowID=12,UNION HOSPITAL,"UNION HOSPITAL, 18 FU KIN ST TAI WAI, SHA TIN DISTRICT, NEW TERRITORIES",26083388,22.36048,114.17527,Chronic Disease Co-Care Scheme; Colorectal Cancer Screening Programme (CRCSP); Elderly Health Care Voucher Scheme (HCVS); Vaccination Subsidy Scheme
"CHUNG, WING SZE",https://apps.pcdirectory.gov.hk/Public/EN/SearchResult/ToViewDetails?DPID=00635769&ProfID=RMP&PracticeID=1&SelectedResultRowID=15,UNION HOSPITAL,"UNION HOSPITAL, 18 FU KIN ST TAI WAI, SHA TIN DISTRICT, NEW TERRITORIES",26083388,22.360459,114.17522,Chronic Disease Co-Care Scheme; Elderly Health Care Voucher Scheme (HCVS); Vaccination Subsidy Scheme
"LO, WING KEE",https://apps.pcdirectory.gov.hk/Public/EN/SearchResult/ToViewDetails?DPID=00305542&ProfID=RMP&PracticeID=1&SelectedResultRowID=29,UNION HOSPITAL,"UNION HOSPITAL, 18 FU KIN ST TAI WAI, SHA TIN DISTRICT, NEW TERRITORIES",26083388,22.36048,114.17527,Chronic Disease Co-Care Scheme; Elderly Health Care Voucher Scheme (HCVS); Vaccination Subsidy Scheme
"CHAN, HOK HANG",https://apps.pcdirectory.gov.hk/Public/EN/SearchResult/ToViewDetails?DPID=00771626&ProfID=RMP&PracticeID=1&SelectedResultRowID=3,UNION HOSPITAL,"UNION HOSPITAL, 18 FU KIN ST TAI WAI, SHA TIN DISTRICT, NEW TERRITORIES",26083388,22.360459,114.17522,Chronic Disease Co-Care Scheme; Elderly Health Care Voucher Scheme (HCVS); Vaccination Subsidy Scheme
"LEE, KA HING",https://apps.pcdirectory.gov.hk/Public/EN/SearchResult/ToViewDetails?DPID=00632685&ProfID=RMP&PracticeID=1&SelectedResultRowID=24,UNION HOSPITAL,"UNION HOSPITAL, 18 FU KIN ST TAI WAI, SHA TIN DISTRICT, NEW TERRITORIES",26083388,22.36048,114.17527,Chronic Disease Co-Care Scheme; Elderly Health Care Voucher Scheme (HCVS); Vaccination Subsidy Scheme
"CHANG, WAI YIN JAMES",https://apps.pcdirectory.gov.hk/Public/EN/SearchResult/ToViewDetails?DPID=00476669&ProfID=RMP&PracticeID=1&SelectedResultRowID=5,UNION HOSPITAL,"UNION HOSPITAL, 18 FU KIN ST TAI WAI, SHA TIN DISTRICT, NEW TERRITORIES",26083388,22.360459,114.17522,Chronic Disease Co-Care Scheme; Elderly Health Care Voucher Scheme (HCVS); Vaccination Subsidy Scheme
"HO, CHUNG HANG",https://apps.pcdirectory.gov.hk/Public/EN/SearchResult/ToViewDetails?DPID=00746939&ProfID=RMP&PracticeID=1&SelectedResultRowID=16,UNION HOSPITAL,"UNION HOSPITAL, 18 FU KIN ST TAI WAI, SHA TIN DISTRICT, NEW TERRITORIES",26083388,22.36048,114.17527,Chronic Disease Co-Care Scheme; Colorectal Cancer Screening Programme (CRCSP); Elderly Health Care Voucher Scheme (HCVS); Vaccination Subsidy Scheme
"CHU, KWOK KEUNG",https://apps.pcdirectory.gov.hk/Public/EN/SearchResult/ToViewDetails?DPID=00633713&ProfID=RMP&PracticeID=1&SelectedResultRowID=13,UNION HOSPITAL,"UNION HOSPITAL, 18 FU KIN ST TAI WAI, SHA TIN DISTRICT, NEW TERRITORIES",26083388,22.36048,114.17527,Chronic Disease Co-Care Scheme; Elderly Health Care Voucher Scheme (HCVS); Vaccination Subsidy Scheme
"YANG, SIU MING",https://apps.pcdirectory.gov.hk/Public/EN/SearchResult/ToViewDetails?DPID=00858013&ProfID=RMP&PracticeID=1&SelectedResultRowID=44,UNION HOSPITAL,"UNION HOSPITAL, 18 FU KIN ST TAI WAI, SHA TIN DISTRICT, NEW TERRITORIES",26083388,22.360459,114.17522,Chronic Disease Co-Care Scheme; Elderly Health Care Voucher Scheme (HCVS); Vaccination Subsidy Scheme
"YUEN, PAK CHUEN",https://apps.pcdirectory.gov.hk/Public/EN/SearchResult/ToViewDetails?DPID=00918100&ProfID=RMP&PracticeID=1&SelectedResultRowID=46,UNION HOSPITAL,"UNION HOSPITAL, 18 FU KIN ST TAI WAI, SHA TIN DISTRICT, NEW TERRITORIES",26083388,22.36048,114.17527,Chronic Disease Co-Care Scheme; Colorectal Cancer Screening Programme (CRCSP); Elderly Health Care Voucher Scheme (HCVS); Vaccination Subsidy Scheme
"HO, MAN KAM",https://apps.pcdirectory.gov.hk/Public/EN/SearchResult/ToViewDetails?DPID=00350369&ProfID=RMP&PracticeID=1&SelectedResultRowID=18,UNION HOSPITAL,"UNION HOSPITAL, 18 FU KIN ST TAI WAI, SHA TIN DISTRICT, NEW TERRITORIES",26083388,22.36048,114.17527,Chronic Disease Co-Care Scheme; Elderly Health Care Voucher Scheme (HCVS); Vaccination Subsidy Scheme
"YAN, KA LOK",https://apps.pcdirectory.gov.hk/Public/EN/SearchResult/ToViewDetails?DPID=00637700&ProfID=RMP&PracticeID=1&SelectedResultRowID=43,UNION HOSPITAL,"UNION HOSPITAL, 18 FU KIN ST TAI WAI, SHA TIN DISTRICT, NEW TERRITORIES",26083388,22.360459,114.17522,Chronic Disease Co-Care Scheme; Elderly Health Care Voucher Scheme (HCVS); Vaccination Subsidy Scheme
"CHAN, ALFRED",https://apps.pcdirectory.gov.hk/Public/EN/SearchResult/ToViewDetails?DPID=00918098&ProfID=RMP&PracticeID=1&SelectedResultRowID=1,UNION HOSPITAL,"UNION HOSPITAL, 18 FU KIN ST TAI WAI, SHA TIN DISTRICT, NEW TERRITORIES",26083388,22.360459,114.17522,Chronic Disease Co-Care Scheme; Elderly Health Care Voucher Scheme (HCVS); Vaccination Subsidy Scheme
"CHEUNG, CHIN PANG",https://apps.pcdirectory.gov.hk/Public/EN/SearchResult/ToViewDetails?DPID=00634739&ProfID=RMP&PracticeID=1&SelectedResultRowID=7,UNION HOSPITAL,"UNION HOSPITAL, 18 FU KIN ST TAI WAI, SHA TIN DISTRICT, NEW TERRITORIES",26083388,22.36048,114.17527,Chronic Disease Co-Care Scheme; Elderly Health Care Voucher Scheme (HCVS); Vaccination Subsidy Scheme
"NG, KWOK HANG",https://apps.pcdirectory.gov.hk/Public/EN/SearchResult/ToViewDetails?DPID=00237939&ProfID=RMP&PracticeID=1&SelectedResultRowID=31,UNION HOSPITAL,"UNION HOSPITAL, 18 FU KIN ST TAI WAI, SHA TIN DISTRICT, NEW TERRITORIES",26083388,22.36048,114.17527,Chronic Disease Co-Care Scheme; Elderly Health Care Voucher Scheme (HCVS); Vaccination Subsidy Scheme
"TSUI, KWOK LEUNG",https://apps.pcdirectory.gov.hk/Public/EN/SearchResult/ToViewDetails?DPID=10124398&ProfID=RMP&PracticeID=1&SelectedResultRowID=36,UNION HOSPITAL,"UNION HOSPITAL, 18 FU KIN ST TAI WAI, SHA TIN DISTRICT, NEW TERRITORIES",26083355,,,Vaccination Subsidy Scheme
"YAU, FONG CHI",https://apps.pcdirectory.gov.hk/Public/EN/SearchResult/ToViewDetails?DPID=00685269&ProfID=RMP&PracticeID=1&SelectedResultRowID=45,Union Hospital,"UNION HOSPITAL, 18 FU KIN STREET, TAI WAI, SHA TIN DISTRICT, NEW TERRITORIES",26083355,22.3603,114.17513,Elderly Health Care Voucher Scheme (HCVS)
"LEE, WAI MING",https://apps.pcdirectory.gov.hk/Public/EN/SearchResult/ToViewDetails?DPID=10028700&ProfID=RMP&PracticeID=2&SelectedResultRowID=25,Hong Kong Adventist Hospital - Tsuen Wan (Doctor-in-charge for Post-crisis Voluntary Free Medical Consultation),"HONG KONG ADVENTIST HOSPITAL - TSUEN WAN, 199 TSUEN KING CIRCUIT, TSUEN WAN, TSUEN WAN DISTRICT, NEW TERRITORIES",22756688,22.37691,114.10497,
"TANG, CHEONG YU",https://apps.pcdirectory.gov.hk/Public/EN/SearchResult/ToViewDetails?DPID=00654756&ProfID=RMP&PracticeID=3&SelectedResultRowID=33,Festival Clinic,"SHOP 46, 1/F, MEI LAM SHOPPING CENTRE, MEI LAM ESTATE, 30 MEI TIN RD, TAI WAI, SHA TIN DISTRICT, NEW TERRITORIES",26810153,22.378588,114.176339,Colorectal Cancer Screening Programme (CRCSP); Elderly Health Care Voucher Scheme (HCVS); Vaccination Subsidy Scheme
"CHEUNG, YUEN YAN",https://apps.pcdirectory.gov.hk/Public/EN/SearchResult/ToViewDetails?DPID=00198442&ProfID=RMP&PracticeID=2&SelectedResultRowID=11,KWONG FUK COMMUNITY HEALTH CENTRE,"UNIT 19, G/F, KWONG YAN HOUSE, KWONG FUK ESTATE, 28 PLOVER COVE RD, TAI PO, TAI PO DISTRICT, NEW TERRITORIES",26383846,22.448962,114.175132,Breast Cancer Screening Pilot Programme Phase II; Chronic Disease Co-Care Scheme; Colorectal Cancer Screening Programme (CRCSP); Elderly Health Care Voucher Scheme (HCVS); Vaccination Subsidy Scheme
"WONG, FUNG YI",https://apps.pcdirectory.gov.hk/Public/EN/SearchResult/ToViewDetails?DPID=00845713&ProfID=RMP&PracticeID=1&SelectedResultRowID=38,KWONG FUK COMMUNITY HEALTH CENTRE,"UNIT 19, G/F, KWONG YAN HOUSE, KWONG FUK ESTATE, 28 PLOVER COVE RD, TAI PO, TAI PO DISTRICT, NEW TERRITORIES",26383846,22.448962,114.175132,Breast Cancer Screening Pilot Programme Phase II; Chronic Disease Co-Care Scheme; Colorectal Cancer Screening Programme (CRCSP); Elderly Health Care Voucher Scheme (HCVS); Vaccination Subsidy Scheme
"LO, MAN KIN",https://apps.pcdirectory.gov.hk/Public/EN/SearchResult/ToViewDetails?DPID=00072472&ProfID=RMP&PracticeID=1&SelectedResultRowID=28,Dr Lo Man Kin,"SHOP 105, UG/F, CHING FU SHOPPING CENTRE, CHING FU COURT, 18 TSING YI RD, TSING YI, KWAI TSING DISTRICT, NEW TERRITORIES",96706974,22.342260,114.108175,Chronic Disease Co-Care Scheme; Colorectal Cancer Screening Programme (CRCSP); Elderly Health Care Voucher Scheme (HCVS); Residential Care Home Vaccination Programme (RVP); Seasonal Influenza Vaccination School Outreach Programme (SIVSOP); Vaccination Subsidy Scheme
"LEUNG, MAN CHEE ADA",https://apps.pcdirectory.gov.hk/Public/EN/SearchResult/ToViewDetails?DPID=00961098&ProfID=RMP&PracticeID=3&SelectedResultRowID=26,UNION HOSPITAL,"UNION HOSPITAL, 18 FU KIN ST TAI WAI, SHA TIN DISTRICT, NEW TERRITORIES",26083355,22.36065,114.17536,Elderly Health Care Voucher Scheme (HCVS); Vaccination Subsidy Scheme
"TANG, SIU MAN SIMON",https://apps.pcdirectory.gov.hk/Public/EN/SearchResult/ToViewDetails?DPID=00500813&ProfID=RMP&PracticeID=1&SelectedResultRowID=34,KWONG FUK COMMUNITY HEALTH CENTRE,"UNIT 19, G/F, KWONG YAN HOUSE, KWONG FUK ESTATE, 28 PLOVER COVE RD, TAI PO, TAI PO DISTRICT, NEW TERRITORIES",26383846,22.448962,114.175132,Breast Cancer Screening Pilot Programme Phase II; Colorectal Cancer Screening Programme (CRCSP); Elderly Health Care Voucher Scheme (HCVS); Vaccination Subsidy Scheme
"LAI, KIT CHI",https://apps.pcdirectory.gov.hk/Public/EN/SearchResult/ToViewDetails?DPID=00304842&ProfID=RMP&PracticeID=1&SelectedResultRowID=21,KWONG FUK COMMUNITY HEALTH CENTRE,"UNIT 19, G/F, KWONG YAN HOUSE, KWONG FUK ESTATE, 28 PLOVER COVE RD, TAI PO, TAI PO DISTRICT, NEW TERRITORIES",26383846,22.448962,114.175132,Breast Cancer Screening Pilot Programme Phase II; Chronic Disease Co-Care Scheme; Colorectal Cancer Screening Programme (CRCSP); Elderly Health Care Voucher Scheme (HCVS); Vaccination Subsidy Scheme
"WONG, SING HANG MICHAEL",https://apps.pcdirectory.gov.hk/Public/EN/SearchResult/ToViewDetails?DPID=00691400&ProfID=RMP&PracticeID=1&SelectedResultRowID=39,Quality HealthCare Medical Centre (Tai Po),"G/F, 71 KWONG FUK RD, TAI PO, TAI PO DISTRICT, NEW TERRITORIES",22195400,22.44879,114.167078,Chronic Disease Co-Care Scheme; Colorectal Cancer Screening Programme (CRCSP); Elderly Health Care Voucher Scheme (HCVS); Residential Care Home Vaccination Programme (RVP); Seasonal Influenza Vaccination School Outreach Programme (SIVSOP); Vaccination Subsidy Scheme
"TSANG, CHUN TING",https://apps.pcdirectory.gov.hk/Public/EN/SearchResult/ToViewDetails?DPID=00756272&ProfID=RMP&PracticeID=1&SelectedResultRowID=35,HONG KONG ADVENTIST HOSPITAL - TSUEN WAN,"TSUEN WAN ADVENTIST HOSPITAL, 199 TSUEN KING CIRCUIT, TSUEN WAN DISTRICT, NEW TERRITORIES",22756688,22.37662,114.104701,Chronic Disease Co-Care Scheme; Colorectal Cancer Screening Programme (CRCSP); Elderly Health Care Voucher Scheme (HCVS); Vaccination Subsidy Scheme
"WONG, TSZ CHONG",https://apps.pcdirectory.gov.hk/Public/EN/SearchResult/ToViewDetails?DPID=00946539&ProfID=RMP&PracticeID=2&SelectedResultRowID=40,HONG KONG ADVENTIST HOSPITAL - TSUEN WAN,"TSUEN WAN ADVENTIST HOSPITAL, 199 TSUEN KING CIRCUIT, TSUEN WAN DISTRICT, NEW TERRITORIES",22756688,22.37662,114.104701,Chronic Disease Co-Care Scheme; Colorectal Cancer Screening Programme (CRCSP); Elderly Health Care Voucher Scheme (HCVS); Vaccination Subsidy Scheme
"KWOK, TSZ TIK",https://apps.pcdirectory.gov.hk/Public/EN/SearchResult/ToViewDetails?DPID=00995900&ProfID=RMP&PracticeID=1&SelectedResultRowID=20,HONG KONG ADVENTIST HOSPITAL - TSUEN WAN,"TSUEN WAN ADVENTIST HOSPITAL, 199 TSUEN KING CIRCUIT, TSUEN WAN DISTRICT, NEW TERRITORIES",22756688,22.37662,114.104701,Chronic Disease Co-Care Scheme; Colorectal Cancer Screening Programme (CRCSP); Elderly Health Care Voucher Scheme (HCVS); Vaccination Subsidy Scheme
"SO, HEI MING",https://apps.pcdirectory.gov.hk/Public/EN/SearchResult/ToViewDetails?DPID=00033013&ProfID=RMP&PracticeID=1&SelectedResultRowID=32,Town Health Integrated Medical Centre(LP-So),"SHOP 3031, LEVEL 3, LUCKY PLAZA, 1-15 WANG POK ST, SHA TIN, SHA TIN DISTRICT, NEW TERRITORIES",26975212,22.383194,114.190273,Elderly Health Care Voucher Scheme (HCVS); Vaccination Subsidy Scheme
"CHEUNG, PUI LING",https://apps.pcdirectory.gov.hk/Public/EN/SearchResult/ToViewDetails?DPID=00019242&ProfID=RMP&PracticeID=3&SelectedResultRowID=8,Virtus Medical Centre - Shek Mun,"SHOP G28, G/F, KINGS WING PLAZA 1, 3 ON KWAN ST, SHEK MUN, SHA TIN DISTRICT, NEW TERRITORIES",31020070,22.387815,114.207771,Chronic Disease Co-Care Scheme; Elderly Health Care Voucher Scheme (HCVS); Vaccination Subsidy Scheme
"WU, WING YEE",https://apps.pcdirectory.gov.hk/Public/EN/SearchResult/ToViewDetails?DPID=00209613&ProfID=RMP&PracticeID=2&SelectedResultRowID=42,UNION HOSPITAL (Doctor-in-charge for Post-crisis Voluntary Free Medical Consultation),"UNION HOSPITAL, 18 FU KIN STREET, TAI WAI, SHA TIN DISTRICT, NEW TERRITORIES",96680776,22.3603,114.17513,Elderly Health Care Voucher Scheme (HCVS)
"IP, KIT KUEN ANDREW",https://apps.pcdirectory.gov.hk/Public/EN/SearchResult/ToViewDetails?DPID=00005585&ProfID=RMP&PracticeID=1&SelectedResultRowID=19,HENG ON FAMILY MEDICINE CENTRE LTD,"RM 201, 2/F, FAR EAST BANK BUILDING, 135-143 CASTLE PEAK RD TSUEN WAN, TSUEN WAN DISTRICT, NEW TERRITORIES",24212565,22.371045,114.119307,Chronic Disease Co-Care Scheme; Colorectal Cancer Screening Programme (CRCSP); Elderly Health Care Voucher Scheme (HCVS); Vaccination Subsidy Scheme
"LI, SHAN HO",https://apps.pcdirectory.gov.hk/Public/EN/SearchResult/ToViewDetails?DPID=00010256&ProfID=RMP&PracticeID=1&SelectedResultRowID=27,Dr Li Shan Ho,"SHOP 351C, 2/F, ZONE E, TAI PO MEGA MALL, TAI PO CENTRE, 3 PO WU LANE, TAI PO, TAI PO DISTRICT, NEW TERRITORIES",26648778,22.44991,114.16892,Elderly Health Care Voucher Scheme (HCVS)
"CHEUNG, WAN KIT",https://apps.pcdirectory.gov.hk/Public/EN/SearchResult/ToViewDetails?DPID=00114256&ProfID=RMP&PracticeID=1&SelectedResultRowID=10,DR CHEUNG WAN KIT,"SHOP B36B, 1/F, KWAI CHUNG PLAZA, 7-11 KWAI FOO RD KWAI CHUNG, KWAI CHUNG, KWAI TSING DISTRICT, NEW TERRITORIES",26191300,22.358243,114.127409,Colorectal Cancer Screening Programme (CRCSP); Elderly Health Care Voucher Scheme (HCVS); Vaccination Subsidy Scheme
